compound;isotherm_model;data_type;orig_freundlich_k;orig_freundlich_exponent;orig_freundlich_exp_type;orig_langmuir_qmax;orig_langmuir_kl;orig_param_units;orig_ce_units;orig_q_units;amanzi_freundlich_k;amanzi_freundlich_1n;amanzi_langmuir_qmax;amanzi_langmuir_kl;amanzi_units_note;gac_brand;gac_product;gac_type;gac_reactivation;water_matrix;influent_conc_min;influent_conc_max;influent_conc_unit;is_multicomponent;competition_notes;matrix_notes;fitting_method;source_title;source_authors;source_year;source_doi;source_url;notes
PFBA;freundlich;measured_batch;0.055;0.66;1/n;;;(µg/g)(L/ng)^(1/n);ng/L;µg/g;5.25246;0.66;;;"K:(µg/g)(L/µg)^(1/n); qmax:µg/g; KL:L/µg; Ce:µg/L";Calgon;F400;coal-based;none;organic-free water;10;10000;ng/L;false;single-solute;"no NOM; distilled/organic-free";batch curve fit;EPA WQTC PFAS GAC isotherm study;Burkhardt et al.;2020;;https://cfpub.epa.gov/si/si_public_file_download.cfm?Lab=CESER&p_download_id=546152;amanzi_k = 0.055 × 1000^0.66 = 5.252
PFBA;freundlich;measured_batch;0.111;0.59;1/n;;;(µg/g)(L/ng)^(1/n);ng/L;µg/g;6.53616;0.59;;;"K:(µg/g)(L/µg)^(1/n); qmax:µg/g; KL:L/µg; Ce:µg/L";Norit;GAC 400;coal-based;none;organic-free water;10;10000;ng/L;false;single-solute;"no NOM; distilled/organic-free";batch curve fit;EPA WQTC PFAS GAC isotherm study;Burkhardt et al.;2020;;https://cfpub.epa.gov/si/si_public_file_download.cfm?Lab=CESER&p_download_id=546152;amanzi_k = 0.111 × 1000^0.59 = 6.536
PFBA;freundlich;measured_batch;0.05;0.76;1/n;;;(µg/g)(L/ng)^(1/n);ng/L;µg/g;9.5273;0.76;;;"K:(µg/g)(L/µg)^(1/n); qmax:µg/g; KL:L/µg; Ce:µg/L";Evoqua;UC1240LD;coal-based;none;organic-free water;10;10000;ng/L;false;single-solute;"no NOM; distilled/organic-free";batch curve fit;EPA WQTC PFAS GAC isotherm study;Burkhardt et al.;2020;;https://cfpub.epa.gov/si/si_public_file_download.cfm?Lab=CESER&p_download_id=546152;amanzi_k = 0.05 × 1000^0.76 = 9.527
PFHxA;freundlich;measured_batch;13;0.44;1/n;;;(µg/g)(L/ng)^(1/n);ng/L;µg/g;271.6;0.44;;;"K:(µg/g)(L/µg)^(1/n); qmax:µg/g; KL:L/µg; Ce:µg/L";Calgon;F400;coal-based;none;organic-free water;10;10000;ng/L;false;single-solute;"no NOM; distilled/organic-free";batch curve fit;EPA WQTC PFAS GAC isotherm study;Burkhardt et al.;2020;;https://cfpub.epa.gov/si/si_public_file_download.cfm?Lab=CESER&p_download_id=546152;amanzi_k = 13.0 × 1000^0.44 = 271.6
PFHxA;freundlich;measured_batch;22.9;0.4;1/n;;;(µg/g)(L/ng)^(1/n);ng/L;µg/g;362.9;0.4;;;"K:(µg/g)(L/µg)^(1/n); qmax:µg/g; KL:L/µg; Ce:µg/L";Norit;GAC 400;coal-based;none;organic-free water;10;10000;ng/L;false;single-solute;"no NOM; distilled/organic-free";batch curve fit;EPA WQTC PFAS GAC isotherm study;Burkhardt et al.;2020;;https://cfpub.epa.gov/si/si_public_file_download.cfm?Lab=CESER&p_download_id=546152;amanzi_k = 22.9 × 1000^0.4 = 362.9
PFHxA;freundlich;measured_batch;18.5;0.43;1/n;;;(µg/g)(L/ng)^(1/n);ng/L;µg/g;360.7;0.43;;;"K:(µg/g)(L/µg)^(1/n); qmax:µg/g; KL:L/µg; Ce:µg/L";Evoqua;UC1240LD;coal-based;none;organic-free water;10;10000;ng/L;false;single-solute;"no NOM; distilled/organic-free";batch curve fit;EPA WQTC PFAS GAC isotherm study;Burkhardt et al.;2020;;https://cfpub.epa.gov/si/si_public_file_download.cfm?Lab=CESER&p_download_id=546152;amanzi_k = 18.5 × 1000^0.43 = 360.7
PFOA;freundlich;measured_batch;143;0.64;1/n;;;(µg/g)(L/ng)^(1/n);ng/L;µg/g;1.189e+04;0.64;;;"K:(µg/g)(L/µg)^(1/n); qmax:µg/g; KL:L/µg; Ce:µg/L";Calgon;F400;coal-based;none;organic-free water;10;10000;ng/L;false;single-solute;"no NOM; distilled/organic-free";batch curve fit;EPA WQTC PFAS GAC isotherm study;Burkhardt et al.;2020;;https://cfpub.epa.gov/si/si_public_file_download.cfm?Lab=CESER&p_download_id=546152;amanzi_k = 143 × 1000^0.64 = 1.189e+04
PFOA;freundlich;measured_batch;133;0.76;1/n;;;(µg/g)(L/ng)^(1/n);ng/L;µg/g;2.534e+04;0.76;;;"K:(µg/g)(L/µg)^(1/n); qmax:µg/g; KL:L/µg; Ce:µg/L";Norit;GAC 400;coal-based;none;organic-free water;10;10000;ng/L;false;single-solute;"no NOM; distilled/organic-free";batch curve fit;EPA WQTC PFAS GAC isotherm study;Burkhardt et al.;2020;;https://cfpub.epa.gov/si/si_public_file_download.cfm?Lab=CESER&p_download_id=546152;amanzi_k = 133 × 1000^0.76 = 2.534e+04
PFOA;freundlich;measured_batch;211;0.58;1/n;;;(µg/g)(L/ng)^(1/n);ng/L;µg/g;1.16e+04;0.58;;;"K:(µg/g)(L/µg)^(1/n); qmax:µg/g; KL:L/µg; Ce:µg/L";Evoqua;UC1240LD;coal-based;none;organic-free water;10;10000;ng/L;false;single-solute;"no NOM; distilled/organic-free";batch curve fit;EPA WQTC PFAS GAC isotherm study;Burkhardt et al.;2020;;https://cfpub.epa.gov/si/si_public_file_download.cfm?Lab=CESER&p_download_id=546152;amanzi_k = 211 × 1000^0.58 = 1.16e+04
PFNA;freundlich;measured_batch;954;0.47;1/n;;;(µg/g)(L/ng)^(1/n);ng/L;µg/g;2.452e+04;0.47;;;"K:(µg/g)(L/µg)^(1/n); qmax:µg/g; KL:L/µg; Ce:µg/L";Calgon;F400;coal-based;none;organic-free water;10;10000;ng/L;false;single-solute;"no NOM; distilled/organic-free";batch curve fit;EPA WQTC PFAS GAC isotherm study;Burkhardt et al.;2020;;https://cfpub.epa.gov/si/si_public_file_download.cfm?Lab=CESER&p_download_id=546152;amanzi_k = 954 × 1000^0.47 = 2.452e+04
PFNA;freundlich;measured_batch;250;0.71;1/n;;;(µg/g)(L/ng)^(1/n);ng/L;µg/g;3.372e+04;0.71;;;"K:(µg/g)(L/µg)^(1/n); qmax:µg/g; KL:L/µg; Ce:µg/L";Norit;GAC 400;coal-based;none;organic-free water;10;10000;ng/L;false;single-solute;"no NOM; distilled/organic-free";batch curve fit;EPA WQTC PFAS GAC isotherm study;Burkhardt et al.;2020;;https://cfpub.epa.gov/si/si_public_file_download.cfm?Lab=CESER&p_download_id=546152;amanzi_k = 250 × 1000^0.71 = 3.372e+04
PFNA;freundlich;measured_batch;567;0.49;1/n;;;(µg/g)(L/ng)^(1/n);ng/L;µg/g;1.673e+04;0.49;;;"K:(µg/g)(L/µg)^(1/n); qmax:µg/g; KL:L/µg; Ce:µg/L";Evoqua;UC1240LD;coal-based;none;organic-free water;10;10000;ng/L;false;single-solute;"no NOM; distilled/organic-free";batch curve fit;EPA WQTC PFAS GAC isotherm study;Burkhardt et al.;2020;;https://cfpub.epa.gov/si/si_public_file_download.cfm?Lab=CESER&p_download_id=546152;amanzi_k = 567 × 1000^0.49 = 1.673e+04
PFBS;freundlich;measured_batch;30.2;0.35;1/n;;;(µg/g)(L/ng)^(1/n);ng/L;µg/g;338.8;0.35;;;"K:(µg/g)(L/µg)^(1/n); qmax:µg/g; KL:L/µg; Ce:µg/L";Calgon;F400;coal-based;none;organic-free water;10;10000;ng/L;false;single-solute;"no NOM; distilled/organic-free";batch curve fit;EPA WQTC PFAS GAC isotherm study;Burkhardt et al.;2020;;https://cfpub.epa.gov/si/si_public_file_download.cfm?Lab=CESER&p_download_id=546152;amanzi_k = 30.2 × 1000^0.35 = 338.8
PFBS;freundlich;measured_batch;34.7;0.39;1/n;;;(µg/g)(L/ng)^(1/n);ng/L;µg/g;513.3;0.39;;;"K:(µg/g)(L/µg)^(1/n); qmax:µg/g; KL:L/µg; Ce:µg/L";Norit;GAC 400;coal-based;none;organic-free water;10;10000;ng/L;false;single-solute;"no NOM; distilled/organic-free";batch curve fit;EPA WQTC PFAS GAC isotherm study;Burkhardt et al.;2020;;https://cfpub.epa.gov/si/si_public_file_download.cfm?Lab=CESER&p_download_id=546152;amanzi_k = 34.7 × 1000^0.39 = 513.3
PFBS;freundlich;measured_batch;34;0.33;1/n;;;(µg/g)(L/ng)^(1/n);ng/L;µg/g;332.3;0.33;;;"K:(µg/g)(L/µg)^(1/n); qmax:µg/g; KL:L/µg; Ce:µg/L";Evoqua;UC1240LD;coal-based;none;organic-free water;10;10000;ng/L;false;single-solute;"no NOM; distilled/organic-free";batch curve fit;EPA WQTC PFAS GAC isotherm study;Burkhardt et al.;2020;;https://cfpub.epa.gov/si/si_public_file_download.cfm?Lab=CESER&p_download_id=546152;amanzi_k = 34.0 × 1000^0.33 = 332.3
PFHxS;freundlich;measured_batch;200;0.45;1/n;;;(µg/g)(L/ng)^(1/n);ng/L;µg/g;4477;0.45;;;"K:(µg/g)(L/µg)^(1/n); qmax:µg/g; KL:L/µg; Ce:µg/L";Calgon;F400;coal-based;none;organic-free water;10;10000;ng/L;false;single-solute;"no NOM; distilled/organic-free";batch curve fit;EPA WQTC PFAS GAC isotherm study;Burkhardt et al.;2020;;https://cfpub.epa.gov/si/si_public_file_download.cfm?Lab=CESER&p_download_id=546152;amanzi_k = 200 × 1000^0.45 = 4477
PFHxS;freundlich;measured_batch;488;0.47;1/n;;;(µg/g)(L/ng)^(1/n);ng/L;µg/g;1.254e+04;0.47;;;"K:(µg/g)(L/µg)^(1/n); qmax:µg/g; KL:L/µg; Ce:µg/L";Norit;GAC 400;coal-based;none;organic-free water;10;10000;ng/L;false;single-solute;"no NOM; distilled/organic-free";batch curve fit;EPA WQTC PFAS GAC isotherm study;Burkhardt et al.;2020;;https://cfpub.epa.gov/si/si_public_file_download.cfm?Lab=CESER&p_download_id=546152;amanzi_k = 488 × 1000^0.47 = 1.254e+04
PFHxS;freundlich;measured_batch;297;0.43;1/n;;;(µg/g)(L/ng)^(1/n);ng/L;µg/g;5791;0.43;;;"K:(µg/g)(L/µg)^(1/n); qmax:µg/g; KL:L/µg; Ce:µg/L";Evoqua;UC1240LD;coal-based;none;organic-free water;10;10000;ng/L;false;single-solute;"no NOM; distilled/organic-free";batch curve fit;EPA WQTC PFAS GAC isotherm study;Burkhardt et al.;2020;;https://cfpub.epa.gov/si/si_public_file_download.cfm?Lab=CESER&p_download_id=546152;amanzi_k = 297 × 1000^0.43 = 5791
PFOS;freundlich;measured_batch;810;0.48;1/n;;;(µg/g)(L/ng)^(1/n);ng/L;µg/g;2.231e+04;0.48;;;"K:(µg/g)(L/µg)^(1/n); qmax:µg/g; KL:L/µg; Ce:µg/L";Calgon;F400;coal-based;none;organic-free water;10;10000;ng/L;false;single-solute;"no NOM; distilled/organic-free";batch curve fit;EPA WQTC PFAS GAC isotherm study;Burkhardt et al.;2020;;https://cfpub.epa.gov/si/si_public_file_download.cfm?Lab=CESER&p_download_id=546152;amanzi_k = 810 × 1000^0.48 = 2.231e+04
PFOS;freundlich;measured_batch;3592;0.32;1/n;;;(µg/g)(L/ng)^(1/n);ng/L;µg/g;3.276e+04;0.32;;;"K:(µg/g)(L/µg)^(1/n); qmax:µg/g; KL:L/µg; Ce:µg/L";Norit;GAC 400;coal-based;none;organic-free water;10;10000;ng/L;false;single-solute;"no NOM; distilled/organic-free";batch curve fit;EPA WQTC PFAS GAC isotherm study;Burkhardt et al.;2020;;https://cfpub.epa.gov/si/si_public_file_download.cfm?Lab=CESER&p_download_id=546152;amanzi_k = 3592 × 1000^0.32 = 3.276e+04
PFOS;freundlich;measured_batch;1174;0.43;1/n;;;(µg/g)(L/ng)^(1/n);ng/L;µg/g;2.289e+04;0.43;;;"K:(µg/g)(L/µg)^(1/n); qmax:µg/g; KL:L/µg; Ce:µg/L";Evoqua;UC1240LD;coal-based;none;organic-free water;10;10000;ng/L;false;single-solute;"no NOM; distilled/organic-free";batch curve fit;EPA WQTC PFAS GAC isotherm study;Burkhardt et al.;2020;;https://cfpub.epa.gov/si/si_public_file_download.cfm?Lab=CESER&p_download_id=546152;amanzi_k = 1174 × 1000^0.43 = 2.289e+04
PFBA;freundlich;measured_batch;0.82;0.44;1/n;;;(ng/mg)(ng/L)^(-1/n);ng/L;ng/mg;17.1322;0.44;;;"K:(µg/g)(L/µg)^(1/n); qmax:µg/g; KL:L/µg; Ce:µg/L";Arkema;vb-AC virgin bituminous;bituminous;none;"tap water spiked 1 µg/L each PFAS; DOC 5 mg/L";1000;1000;ng/L;true;"8-PFAS mixture; pseudo-single-solute fit";"NOM present; competitive real water";batch Freundlich fit (Table 3);PFAS adsorption in drinking water by granular activated carbon;Cantoni et al.;2021;10.1016/j.scitotenv.2021.150214;https://doi.org/10.1016/j.scitotenv.2021.150214;"Table 3 vb-AC; amanzi_k = 0.82 × 1000^0.44"
PFPeA;freundlich;measured_batch;2.21;0.41;1/n;;;(ng/mg)(ng/L)^(-1/n);ng/L;ng/mg;37.5312;0.41;;;"K:(µg/g)(L/µg)^(1/n); qmax:µg/g; KL:L/µg; Ce:µg/L";Arkema;vb-AC virgin bituminous;bituminous;none;"tap water spiked 1 µg/L each PFAS; DOC 5 mg/L";1000;1000;ng/L;true;"8-PFAS mixture; pseudo-single-solute fit";"NOM present; competitive real water";batch Freundlich fit (Table 3);PFAS adsorption in drinking water by granular activated carbon;Cantoni et al.;2021;10.1016/j.scitotenv.2021.150214;https://doi.org/10.1016/j.scitotenv.2021.150214;"Table 3 vb-AC; amanzi_k = 2.21 × 1000^0.41"
PFBS;freundlich;measured_batch;2.3;0.41;1/n;;;(ng/mg)(ng/L)^(-1/n);ng/L;ng/mg;39.0596;0.41;;;"K:(µg/g)(L/µg)^(1/n); qmax:µg/g; KL:L/µg; Ce:µg/L";Arkema;vb-AC virgin bituminous;bituminous;none;"tap water spiked 1 µg/L each PFAS; DOC 5 mg/L";1000;1000;ng/L;true;"8-PFAS mixture; pseudo-single-solute fit";"NOM present; competitive real water";batch Freundlich fit (Table 3);PFAS adsorption in drinking water by granular activated carbon;Cantoni et al.;2021;10.1016/j.scitotenv.2021.150214;https://doi.org/10.1016/j.scitotenv.2021.150214;"Table 3 vb-AC; amanzi_k = 2.3 × 1000^0.41"
PFHxA;freundlich;measured_batch;2.43;0.41;1/n;;;(ng/mg)(ng/L)^(-1/n);ng/L;ng/mg;41.2673;0.41;;;"K:(µg/g)(L/µg)^(1/n); qmax:µg/g; KL:L/µg; Ce:µg/L";Arkema;vb-AC virgin bituminous;bituminous;none;"tap water spiked 1 µg/L each PFAS; DOC 5 mg/L";1000;1000;ng/L;true;"8-PFAS mixture; pseudo-single-solute fit";"NOM present; competitive real water";batch Freundlich fit (Table 3);PFAS adsorption in drinking water by granular activated carbon;Cantoni et al.;2021;10.1016/j.scitotenv.2021.150214;https://doi.org/10.1016/j.scitotenv.2021.150214;"Table 3 vb-AC; amanzi_k = 2.43 × 1000^0.41"
PFHpA;freundlich;measured_batch;4.43;0.32;1/n;;;(ng/mg)(ng/L)^(-1/n);ng/L;ng/mg;40.4021;0.32;;;"K:(µg/g)(L/µg)^(1/n); qmax:µg/g; KL:L/µg; Ce:µg/L";Arkema;vb-AC virgin bituminous;bituminous;none;"tap water spiked 1 µg/L each PFAS; DOC 5 mg/L";1000;1000;ng/L;true;"8-PFAS mixture; pseudo-single-solute fit";"NOM present; competitive real water";batch Freundlich fit (Table 3);PFAS adsorption in drinking water by granular activated carbon;Cantoni et al.;2021;10.1016/j.scitotenv.2021.150214;https://doi.org/10.1016/j.scitotenv.2021.150214;"Table 3 vb-AC; amanzi_k = 4.43 × 1000^0.32"
PFHxS;freundlich;measured_batch;4.91;0.4;1/n;;;(ng/mg)(ng/L)^(-1/n);ng/L;ng/mg;77.8183;0.4;;;"K:(µg/g)(L/µg)^(1/n); qmax:µg/g; KL:L/µg; Ce:µg/L";Arkema;vb-AC virgin bituminous;bituminous;none;"tap water spiked 1 µg/L each PFAS; DOC 5 mg/L";1000;1000;ng/L;true;"8-PFAS mixture; pseudo-single-solute fit";"NOM present; competitive real water";batch Freundlich fit (Table 3);PFAS adsorption in drinking water by granular activated carbon;Cantoni et al.;2021;10.1016/j.scitotenv.2021.150214;https://doi.org/10.1016/j.scitotenv.2021.150214;"Table 3 vb-AC; amanzi_k = 4.91 × 1000^0.4"
PFOA;freundlich;measured_batch;5.4;0.28;1/n;;;(ng/mg)(ng/L)^(-1/n);ng/L;ng/mg;37.3589;0.28;;;"K:(µg/g)(L/µg)^(1/n); qmax:µg/g; KL:L/µg; Ce:µg/L";Arkema;vb-AC virgin bituminous;bituminous;none;"tap water spiked 1 µg/L each PFAS; DOC 5 mg/L";1000;1000;ng/L;true;"8-PFAS mixture; pseudo-single-solute fit";"NOM present; competitive real water";batch Freundlich fit (Table 3);PFAS adsorption in drinking water by granular activated carbon;Cantoni et al.;2021;10.1016/j.scitotenv.2021.150214;https://doi.org/10.1016/j.scitotenv.2021.150214;"Table 3 vb-AC; amanzi_k = 5.4 × 1000^0.28"
PFOS;freundlich;measured_batch;5.95;0.27;1/n;;;(ng/mg)(ng/L)^(-1/n);ng/L;ng/mg;38.4164;0.27;;;"K:(µg/g)(L/µg)^(1/n); qmax:µg/g; KL:L/µg; Ce:µg/L";Arkema;vb-AC virgin bituminous;bituminous;none;"tap water spiked 1 µg/L each PFAS; DOC 5 mg/L";1000;1000;ng/L;true;"8-PFAS mixture; pseudo-single-solute fit";"NOM present; competitive real water";batch Freundlich fit (Table 3);PFAS adsorption in drinking water by granular activated carbon;Cantoni et al.;2021;10.1016/j.scitotenv.2021.150214;https://doi.org/10.1016/j.scitotenv.2021.150214;"Table 3 vb-AC; amanzi_k = 5.95 × 1000^0.27"
PFBA;freundlich;measured_batch;0.62;0.45;1/n;;;(ng/mg)(ng/L)^(-1/n);ng/L;ng/mg;13.8801;0.45;;;"K:(µg/g)(L/µg)^(1/n); qmax:µg/g; KL:L/µg; Ce:µg/L";Arkema;rb-AC reactivated bituminous;bituminous;steam-reactivated;"tap water spiked 1 µg/L each PFAS; DOC 5 mg/L";1000;1000;ng/L;true;"8-PFAS mixture; pseudo-single-solute fit";"NOM present; competitive real water";batch Freundlich fit (Table 3);PFAS adsorption in drinking water by granular activated carbon;Cantoni et al.;2021;10.1016/j.scitotenv.2021.150214;https://doi.org/10.1016/j.scitotenv.2021.150214;"Table 3 rb-AC; amanzi_k = 0.62 × 1000^0.45"
PFPeA;freundlich;measured_batch;1.9;0.41;1/n;;;(ng/mg)(ng/L)^(-1/n);ng/L;ng/mg;32.2666;0.41;;;"K:(µg/g)(L/µg)^(1/n); qmax:µg/g; KL:L/µg; Ce:µg/L";Arkema;rb-AC reactivated bituminous;bituminous;steam-reactivated;"tap water spiked 1 µg/L each PFAS; DOC 5 mg/L";1000;1000;ng/L;true;"8-PFAS mixture; pseudo-single-solute fit";"NOM present; competitive real water";batch Freundlich fit (Table 3);PFAS adsorption in drinking water by granular activated carbon;Cantoni et al.;2021;10.1016/j.scitotenv.2021.150214;https://doi.org/10.1016/j.scitotenv.2021.150214;"Table 3 rb-AC; amanzi_k = 1.9 × 1000^0.41"
PFBS;freundlich;measured_batch;2.06;0.41;1/n;;;(ng/mg)(ng/L)^(-1/n);ng/L;ng/mg;34.9838;0.41;;;"K:(µg/g)(L/µg)^(1/n); qmax:µg/g; KL:L/µg; Ce:µg/L";Arkema;rb-AC reactivated bituminous;bituminous;steam-reactivated;"tap water spiked 1 µg/L each PFAS; DOC 5 mg/L";1000;1000;ng/L;true;"8-PFAS mixture; pseudo-single-solute fit";"NOM present; competitive real water";batch Freundlich fit (Table 3);PFAS adsorption in drinking water by granular activated carbon;Cantoni et al.;2021;10.1016/j.scitotenv.2021.150214;https://doi.org/10.1016/j.scitotenv.2021.150214;"Table 3 rb-AC; amanzi_k = 2.06 × 1000^0.41"
PFHxA;freundlich;measured_batch;3.02;0.35;1/n;;;(ng/mg)(ng/L)^(-1/n);ng/L;ng/mg;33.885;0.35;;;"K:(µg/g)(L/µg)^(1/n); qmax:µg/g; KL:L/µg; Ce:µg/L";Arkema;rb-AC reactivated bituminous;bituminous;steam-reactivated;"tap water spiked 1 µg/L each PFAS; DOC 5 mg/L";1000;1000;ng/L;true;"8-PFAS mixture; pseudo-single-solute fit";"NOM present; competitive real water";batch Freundlich fit (Table 3);PFAS adsorption in drinking water by granular activated carbon;Cantoni et al.;2021;10.1016/j.scitotenv.2021.150214;https://doi.org/10.1016/j.scitotenv.2021.150214;"Table 3 rb-AC; amanzi_k = 3.02 × 1000^0.35"
PFHpA;freundlich;measured_batch;3.13;0.34;1/n;;;(ng/mg)(ng/L)^(-1/n);ng/L;ng/mg;32.7751;0.34;;;"K:(µg/g)(L/µg)^(1/n); qmax:µg/g; KL:L/µg; Ce:µg/L";Arkema;rb-AC reactivated bituminous;bituminous;steam-reactivated;"tap water spiked 1 µg/L each PFAS; DOC 5 mg/L";1000;1000;ng/L;true;"8-PFAS mixture; pseudo-single-solute fit";"NOM present; competitive real water";batch Freundlich fit (Table 3);PFAS adsorption in drinking water by granular activated carbon;Cantoni et al.;2021;10.1016/j.scitotenv.2021.150214;https://doi.org/10.1016/j.scitotenv.2021.150214;"Table 3 rb-AC; amanzi_k = 3.13 × 1000^0.34"
PFHxS;freundlich;measured_batch;4.02;0.44;1/n;;;(ng/mg)(ng/L)^(-1/n);ng/L;ng/mg;83.9897;0.44;;;"K:(µg/g)(L/µg)^(1/n); qmax:µg/g; KL:L/µg; Ce:µg/L";Arkema;rb-AC reactivated bituminous;bituminous;steam-reactivated;"tap water spiked 1 µg/L each PFAS; DOC 5 mg/L";1000;1000;ng/L;true;"8-PFAS mixture; pseudo-single-solute fit";"NOM present; competitive real water";batch Freundlich fit (Table 3);PFAS adsorption in drinking water by granular activated carbon;Cantoni et al.;2021;10.1016/j.scitotenv.2021.150214;https://doi.org/10.1016/j.scitotenv.2021.150214;"Table 3 rb-AC; amanzi_k = 4.02 × 1000^0.44"
PFOA;freundlich;measured_batch;4.48;0.31;1/n;;;(ng/mg)(ng/L)^(-1/n);ng/L;ng/mg;38.131;0.31;;;"K:(µg/g)(L/µg)^(1/n); qmax:µg/g; KL:L/µg; Ce:µg/L";Arkema;rb-AC reactivated bituminous;bituminous;steam-reactivated;"tap water spiked 1 µg/L each PFAS; DOC 5 mg/L";1000;1000;ng/L;true;"8-PFAS mixture; pseudo-single-solute fit";"NOM present; competitive real water";batch Freundlich fit (Table 3);PFAS adsorption in drinking water by granular activated carbon;Cantoni et al.;2021;10.1016/j.scitotenv.2021.150214;https://doi.org/10.1016/j.scitotenv.2021.150214;"Table 3 rb-AC; amanzi_k = 4.48 × 1000^0.31"
PFOS;freundlich;measured_batch;4.48;0.21;1/n;;;(ng/mg)(ng/L)^(-1/n);ng/L;ng/mg;19.1108;0.21;;;"K:(µg/g)(L/µg)^(1/n); qmax:µg/g; KL:L/µg; Ce:µg/L";Arkema;rb-AC reactivated bituminous;bituminous;steam-reactivated;"tap water spiked 1 µg/L each PFAS; DOC 5 mg/L";1000;1000;ng/L;true;"8-PFAS mixture; pseudo-single-solute fit";"NOM present; competitive real water";batch Freundlich fit (Table 3);PFAS adsorption in drinking water by granular activated carbon;Cantoni et al.;2021;10.1016/j.scitotenv.2021.150214;https://doi.org/10.1016/j.scitotenv.2021.150214;"Table 3 rb-AC; amanzi_k = 4.48 × 1000^0.21"
PFBA;freundlich;measured_batch;0.05;0.77;1/n;;;(ng/mg)(ng/L)^(-1/n);ng/L;ng/mg;10.2087;0.77;;;"K:(µg/g)(L/µg)^(1/n); qmax:µg/g; KL:L/µg; Ce:µg/L";Arkema;rc-AC reactivated coconut;coconut;steam-reactivated;"tap water spiked 1 µg/L each PFAS; DOC 5 mg/L";1000;1000;ng/L;true;"8-PFAS mixture; pseudo-single-solute fit";"NOM present; competitive real water";batch Freundlich fit (Table 3);PFAS adsorption in drinking water by granular activated carbon;Cantoni et al.;2021;10.1016/j.scitotenv.2021.150214;https://doi.org/10.1016/j.scitotenv.2021.150214;"Table 3 rc-AC; amanzi_k = 0.05 × 1000^0.77"
PFPeA;freundlich;measured_batch;1.16;0.48;1/n;;;(ng/mg)(ng/L)^(-1/n);ng/L;ng/mg;31.9491;0.48;;;"K:(µg/g)(L/µg)^(1/n); qmax:µg/g; KL:L/µg; Ce:µg/L";Arkema;rc-AC reactivated coconut;coconut;steam-reactivated;"tap water spiked 1 µg/L each PFAS; DOC 5 mg/L";1000;1000;ng/L;true;"8-PFAS mixture; pseudo-single-solute fit";"NOM present; competitive real water";batch Freundlich fit (Table 3);PFAS adsorption in drinking water by granular activated carbon;Cantoni et al.;2021;10.1016/j.scitotenv.2021.150214;https://doi.org/10.1016/j.scitotenv.2021.150214;"Table 3 rc-AC; amanzi_k = 1.16 × 1000^0.48"
PFBS;freundlich;measured_batch;1.7;0.36;1/n;;;(ng/mg)(ng/L)^(-1/n);ng/L;ng/mg;20.4385;0.36;;;"K:(µg/g)(L/µg)^(1/n); qmax:µg/g; KL:L/µg; Ce:µg/L";Arkema;rc-AC reactivated coconut;coconut;steam-reactivated;"tap water spiked 1 µg/L each PFAS; DOC 5 mg/L";1000;1000;ng/L;true;"8-PFAS mixture; pseudo-single-solute fit";"NOM present; competitive real water";batch Freundlich fit (Table 3);PFAS adsorption in drinking water by granular activated carbon;Cantoni et al.;2021;10.1016/j.scitotenv.2021.150214;https://doi.org/10.1016/j.scitotenv.2021.150214;"Table 3 rc-AC; amanzi_k = 1.7 × 1000^0.36"
PFHxA;freundlich;measured_batch;2.86;0.31;1/n;;;(ng/mg)(ng/L)^(-1/n);ng/L;ng/mg;24.3425;0.31;;;"K:(µg/g)(L/µg)^(1/n); qmax:µg/g; KL:L/µg; Ce:µg/L";Arkema;rc-AC reactivated coconut;coconut;steam-reactivated;"tap water spiked 1 µg/L each PFAS; DOC 5 mg/L";1000;1000;ng/L;true;"8-PFAS mixture; pseudo-single-solute fit";"NOM present; competitive real water";batch Freundlich fit (Table 3);PFAS adsorption in drinking water by granular activated carbon;Cantoni et al.;2021;10.1016/j.scitotenv.2021.150214;https://doi.org/10.1016/j.scitotenv.2021.150214;"Table 3 rc-AC; amanzi_k = 2.86 × 1000^0.31"
PFHpA;freundlich;measured_batch;2.14;0.48;1/n;;;(ng/mg)(ng/L)^(-1/n);ng/L;ng/mg;58.9405;0.48;;;"K:(µg/g)(L/µg)^(1/n); qmax:µg/g; KL:L/µg; Ce:µg/L";Arkema;rc-AC reactivated coconut;coconut;steam-reactivated;"tap water spiked 1 µg/L each PFAS; DOC 5 mg/L";1000;1000;ng/L;true;"8-PFAS mixture; pseudo-single-solute fit";"NOM present; competitive real water";batch Freundlich fit (Table 3);PFAS adsorption in drinking water by granular activated carbon;Cantoni et al.;2021;10.1016/j.scitotenv.2021.150214;https://doi.org/10.1016/j.scitotenv.2021.150214;"Table 3 rc-AC; amanzi_k = 2.14 × 1000^0.48"
PFHxS;freundlich;measured_batch;3.43;0.29;1/n;;;(ng/mg)(ng/L)^(-1/n);ng/L;ng/mg;25.4269;0.29;;;"K:(µg/g)(L/µg)^(1/n); qmax:µg/g; KL:L/µg; Ce:µg/L";Arkema;rc-AC reactivated coconut;coconut;steam-reactivated;"tap water spiked 1 µg/L each PFAS; DOC 5 mg/L";1000;1000;ng/L;true;"8-PFAS mixture; pseudo-single-solute fit";"NOM present; competitive real water";batch Freundlich fit (Table 3);PFAS adsorption in drinking water by granular activated carbon;Cantoni et al.;2021;10.1016/j.scitotenv.2021.150214;https://doi.org/10.1016/j.scitotenv.2021.150214;"Table 3 rc-AC; amanzi_k = 3.43 × 1000^0.29"
PFOA;freundlich;measured_batch;3.66;0.18;1/n;;;(ng/mg)(ng/L)^(-1/n);ng/L;ng/mg;12.6906;0.18;;;"K:(µg/g)(L/µg)^(1/n); qmax:µg/g; KL:L/µg; Ce:µg/L";Arkema;rc-AC reactivated coconut;coconut;steam-reactivated;"tap water spiked 1 µg/L each PFAS; DOC 5 mg/L";1000;1000;ng/L;true;"8-PFAS mixture; pseudo-single-solute fit";"NOM present; competitive real water";batch Freundlich fit (Table 3);PFAS adsorption in drinking water by granular activated carbon;Cantoni et al.;2021;10.1016/j.scitotenv.2021.150214;https://doi.org/10.1016/j.scitotenv.2021.150214;"Table 3 rc-AC; amanzi_k = 3.66 × 1000^0.18"
PFOS;freundlich;measured_batch;3.66;0.18;1/n;;;(ng/mg)(ng/L)^(-1/n);ng/L;ng/mg;12.6906;0.18;;;"K:(µg/g)(L/µg)^(1/n); qmax:µg/g; KL:L/µg; Ce:µg/L";Arkema;rc-AC reactivated coconut;coconut;steam-reactivated;"tap water spiked 1 µg/L each PFAS; DOC 5 mg/L";1000;1000;ng/L;true;"8-PFAS mixture; pseudo-single-solute fit";"NOM present; competitive real water";batch Freundlich fit (Table 3);PFAS adsorption in drinking water by granular activated carbon;Cantoni et al.;2021;10.1016/j.scitotenv.2021.150214;https://doi.org/10.1016/j.scitotenv.2021.150214;"Table 3 rc-AC; amanzi_k = 3.66 × 1000^0.18"
PFBA;freundlich;measured_batch;0.01;0.94;1/n;;;(ng/mg)(ng/L)^(-1/n);ng/L;ng/mg;6.60693;0.94;;;"K:(µg/g)(L/µg)^(1/n); qmax:µg/g; KL:L/µg; Ce:µg/L";Arkema;vc-AC virgin coconut;coconut;none;"tap water spiked 1 µg/L each PFAS; DOC 5 mg/L";1000;1000;ng/L;true;"8-PFAS mixture; pseudo-single-solute fit";"NOM present; competitive real water";batch Freundlich fit (Table 3);PFAS adsorption in drinking water by granular activated carbon;Cantoni et al.;2021;10.1016/j.scitotenv.2021.150214;https://doi.org/10.1016/j.scitotenv.2021.150214;"Table 3 vc-AC; amanzi_k = 0.01 × 1000^0.94"
PFPeA;freundlich;measured_batch;0.6;0.54;1/n;;;(ng/mg)(ng/L)^(-1/n);ng/L;ng/mg;25.0122;0.54;;;"K:(µg/g)(L/µg)^(1/n); qmax:µg/g; KL:L/µg; Ce:µg/L";Arkema;vc-AC virgin coconut;coconut;none;"tap water spiked 1 µg/L each PFAS; DOC 5 mg/L";1000;1000;ng/L;true;"8-PFAS mixture; pseudo-single-solute fit";"NOM present; competitive real water";batch Freundlich fit (Table 3);PFAS adsorption in drinking water by granular activated carbon;Cantoni et al.;2021;10.1016/j.scitotenv.2021.150214;https://doi.org/10.1016/j.scitotenv.2021.150214;"Table 3 vc-AC; amanzi_k = 0.6 × 1000^0.54"
PFBS;freundlich;measured_batch;0.87;0.43;1/n;;;(ng/mg)(ng/L)^(-1/n);ng/L;ng/mg;16.9636;0.43;;;"K:(µg/g)(L/µg)^(1/n); qmax:µg/g; KL:L/µg; Ce:µg/L";Arkema;vc-AC virgin coconut;coconut;none;"tap water spiked 1 µg/L each PFAS; DOC 5 mg/L";1000;1000;ng/L;true;"8-PFAS mixture; pseudo-single-solute fit";"NOM present; competitive real water";batch Freundlich fit (Table 3);PFAS adsorption in drinking water by granular activated carbon;Cantoni et al.;2021;10.1016/j.scitotenv.2021.150214;https://doi.org/10.1016/j.scitotenv.2021.150214;"Table 3 vc-AC; amanzi_k = 0.87 × 1000^0.43"
PFHxA;freundlich;measured_batch;2.09;0.3;1/n;;;(ng/mg)(ng/L)^(-1/n);ng/L;ng/mg;16.6015;0.3;;;"K:(µg/g)(L/µg)^(1/n); qmax:µg/g; KL:L/µg; Ce:µg/L";Arkema;vc-AC virgin coconut;coconut;none;"tap water spiked 1 µg/L each PFAS; DOC 5 mg/L";1000;1000;ng/L;true;"8-PFAS mixture; pseudo-single-solute fit";"NOM present; competitive real water";batch Freundlich fit (Table 3);PFAS adsorption in drinking water by granular activated carbon;Cantoni et al.;2021;10.1016/j.scitotenv.2021.150214;https://doi.org/10.1016/j.scitotenv.2021.150214;"Table 3 vc-AC; amanzi_k = 2.09 × 1000^0.3"
PFHpA;freundlich;measured_batch;1.74;0.45;1/n;;;(ng/mg)(ng/L)^(-1/n);ng/L;ng/mg;38.9537;0.45;;;"K:(µg/g)(L/µg)^(1/n); qmax:µg/g; KL:L/µg; Ce:µg/L";Arkema;vc-AC virgin coconut;coconut;none;"tap water spiked 1 µg/L each PFAS; DOC 5 mg/L";1000;1000;ng/L;true;"8-PFAS mixture; pseudo-single-solute fit";"NOM present; competitive real water";batch Freundlich fit (Table 3);PFAS adsorption in drinking water by granular activated carbon;Cantoni et al.;2021;10.1016/j.scitotenv.2021.150214;https://doi.org/10.1016/j.scitotenv.2021.150214;"Table 3 vc-AC; amanzi_k = 1.74 × 1000^0.45"
PFHxS;freundlich;measured_batch;2.2;0.33;1/n;;;(ng/mg)(ng/L)^(-1/n);ng/L;ng/mg;21.4992;0.33;;;"K:(µg/g)(L/µg)^(1/n); qmax:µg/g; KL:L/µg; Ce:µg/L";Arkema;vc-AC virgin coconut;coconut;none;"tap water spiked 1 µg/L each PFAS; DOC 5 mg/L";1000;1000;ng/L;true;"8-PFAS mixture; pseudo-single-solute fit";"NOM present; competitive real water";batch Freundlich fit (Table 3);PFAS adsorption in drinking water by granular activated carbon;Cantoni et al.;2021;10.1016/j.scitotenv.2021.150214;https://doi.org/10.1016/j.scitotenv.2021.150214;"Table 3 vc-AC; amanzi_k = 2.2 × 1000^0.33"
PFOA;freundlich;measured_batch;2.43;0.23;1/n;;;(ng/mg)(ng/L)^(-1/n);ng/L;ng/mg;11.9016;0.23;;;"K:(µg/g)(L/µg)^(1/n); qmax:µg/g; KL:L/µg; Ce:µg/L";Arkema;vc-AC virgin coconut;coconut;none;"tap water spiked 1 µg/L each PFAS; DOC 5 mg/L";1000;1000;ng/L;true;"8-PFAS mixture; pseudo-single-solute fit";"NOM present; competitive real water";batch Freundlich fit (Table 3);PFAS adsorption in drinking water by granular activated carbon;Cantoni et al.;2021;10.1016/j.scitotenv.2021.150214;https://doi.org/10.1016/j.scitotenv.2021.150214;"Table 3 vc-AC; amanzi_k = 2.43 × 1000^0.23"
PFOS;freundlich;measured_batch;2.43;0.23;1/n;;;(ng/mg)(ng/L)^(-1/n);ng/L;ng/mg;11.9016;0.23;;;"K:(µg/g)(L/µg)^(1/n); qmax:µg/g; KL:L/µg; Ce:µg/L";Arkema;vc-AC virgin coconut;coconut;none;"tap water spiked 1 µg/L each PFAS; DOC 5 mg/L";1000;1000;ng/L;true;"8-PFAS mixture; pseudo-single-solute fit";"NOM present; competitive real water";batch Freundlich fit (Table 3);PFAS adsorption in drinking water by granular activated carbon;Cantoni et al.;2021;10.1016/j.scitotenv.2021.150214;https://doi.org/10.1016/j.scitotenv.2021.150214;"Table 3 vc-AC; amanzi_k = 2.43 × 1000^0.23"
PFBS;freundlich;measured_batch;5.71;0.63;n;;;(ng/mg)/(ng/L)^n;ng/L;ng/mg;443.2;0.63;;;"K:(µg/g)(L/µg)^(1/n); qmax:µg/g; KL:L/µg; Ce:µg/L";Chemviron/Jacobi;SRD mesoporous;bituminous;none;"demineralized water; phosphate buffer pH 7.2";0.1;100;ng/L;true;9-PFAS mixture at ~70-100 ng/L each;synthetic buffered water;non-linear regression (Table 1);Kinetic and isotherm study for PFAS adsorption on activated carbon in the low ng/L range;Pranić et al.;2024;10.1016/j.chemosphere.2024.143889;https://doi.org/10.1016/j.chemosphere.2024.143889;"Exponent is n not 1/n; amanzi_1n=0.63; amanzi_k = 5.71 × 1000^0.63"
PFHxS;freundlich;measured_batch;6.5;0.86;n;;;(ng/mg)/(ng/L)^n;ng/L;ng/mg;2471;0.86;;;"K:(µg/g)(L/µg)^(1/n); qmax:µg/g; KL:L/µg; Ce:µg/L";Chemviron/Jacobi;SRD mesoporous;bituminous;none;"demineralized water; phosphate buffer pH 7.2";0.1;100;ng/L;true;9-PFAS mixture at ~70-100 ng/L each;synthetic buffered water;non-linear regression (Table 1);Kinetic and isotherm study for PFAS adsorption on activated carbon in the low ng/L range;Pranić et al.;2024;10.1016/j.chemosphere.2024.143889;https://doi.org/10.1016/j.chemosphere.2024.143889;"Exponent is n not 1/n; amanzi_1n=0.86; amanzi_k = 6.5 × 1000^0.86"
PFOS;freundlich;measured_batch;8.42;0.76;n;;;(ng/mg)/(ng/L)^n;ng/L;ng/mg;1604;0.76;;;"K:(µg/g)(L/µg)^(1/n); qmax:µg/g; KL:L/µg; Ce:µg/L";Chemviron/Jacobi;SRD mesoporous;bituminous;none;"demineralized water; phosphate buffer pH 7.2";0.1;100;ng/L;true;9-PFAS mixture at ~70-100 ng/L each;synthetic buffered water;non-linear regression (Table 1);Kinetic and isotherm study for PFAS adsorption on activated carbon in the low ng/L range;Pranić et al.;2024;10.1016/j.chemosphere.2024.143889;https://doi.org/10.1016/j.chemosphere.2024.143889;"Exponent is n not 1/n; amanzi_1n=0.76; amanzi_k = 8.42 × 1000^0.76"
PFDS;freundlich;measured_batch;10.27;0.84;n;;;(ng/mg)/(ng/L)^n;ng/L;ng/mg;3401;0.84;;;"K:(µg/g)(L/µg)^(1/n); qmax:µg/g; KL:L/µg; Ce:µg/L";Chemviron/Jacobi;SRD mesoporous;bituminous;none;"demineralized water; phosphate buffer pH 7.2";0.1;100;ng/L;true;9-PFAS mixture at ~70-100 ng/L each;synthetic buffered water;non-linear regression (Table 1);Kinetic and isotherm study for PFAS adsorption on activated carbon in the low ng/L range;Pranić et al.;2024;10.1016/j.chemosphere.2024.143889;https://doi.org/10.1016/j.chemosphere.2024.143889;"Exponent is n not 1/n; amanzi_1n=0.84; amanzi_k = 10.27 × 1000^0.84"
PFPeA;freundlich;measured_batch;1.57;0.7;n;;;(ng/mg)/(ng/L)^n;ng/L;ng/mg;197.7;0.7;;;"K:(µg/g)(L/µg)^(1/n); qmax:µg/g; KL:L/µg; Ce:µg/L";Chemviron/Jacobi;SRD mesoporous;bituminous;none;"demineralized water; phosphate buffer pH 7.2";0.1;100;ng/L;true;9-PFAS mixture at ~70-100 ng/L each;synthetic buffered water;non-linear regression (Table 1);Kinetic and isotherm study for PFAS adsorption on activated carbon in the low ng/L range;Pranić et al.;2024;10.1016/j.chemosphere.2024.143889;https://doi.org/10.1016/j.chemosphere.2024.143889;"Exponent is n not 1/n; amanzi_1n=0.7; amanzi_k = 1.57 × 1000^0.7"
PFOA;freundlich;measured_batch;5.06;0.87;n;;;(ng/mg)/(ng/L)^n;ng/L;ng/mg;2061;0.87;;;"K:(µg/g)(L/µg)^(1/n); qmax:µg/g; KL:L/µg; Ce:µg/L";Chemviron/Jacobi;SRD mesoporous;bituminous;none;"demineralized water; phosphate buffer pH 7.2";0.1;100;ng/L;true;9-PFAS mixture at ~70-100 ng/L each;synthetic buffered water;non-linear regression (Table 1);Kinetic and isotherm study for PFAS adsorption on activated carbon in the low ng/L range;Pranić et al.;2024;10.1016/j.chemosphere.2024.143889;https://doi.org/10.1016/j.chemosphere.2024.143889;"Exponent is n not 1/n; amanzi_1n=0.87; amanzi_k = 5.06 × 1000^0.87"
PFNA;freundlich;measured_batch;5.04;0.9;n;;;(ng/mg)/(ng/L)^n;ng/L;ng/mg;2526;0.9;;;"K:(µg/g)(L/µg)^(1/n); qmax:µg/g; KL:L/µg; Ce:µg/L";Chemviron/Jacobi;SRD mesoporous;bituminous;none;"demineralized water; phosphate buffer pH 7.2";0.1;100;ng/L;true;9-PFAS mixture at ~70-100 ng/L each;synthetic buffered water;non-linear regression (Table 1);Kinetic and isotherm study for PFAS adsorption on activated carbon in the low ng/L range;Pranić et al.;2024;10.1016/j.chemosphere.2024.143889;https://doi.org/10.1016/j.chemosphere.2024.143889;"Exponent is n not 1/n; amanzi_1n=0.9; amanzi_k = 5.04 × 1000^0.9"
PFBS;freundlich;measured_batch;1.92;0.41;n;;;(ng/mg)/(ng/L)^n;ng/L;ng/mg;32.6063;0.41;;;"K:(µg/g)(L/µg)^(1/n); qmax:µg/g; KL:L/µg; Ce:µg/L";Chemviron/Jacobi;AquaSorb CS microporous;coconut;none;"demineralized water; phosphate buffer pH 7.2";0.1;100;ng/L;true;9-PFAS mixture at ~70-100 ng/L each;synthetic buffered water;non-linear regression (Table 1);Kinetic and isotherm study for PFAS adsorption on activated carbon in the low ng/L range;Pranić et al.;2024;10.1016/j.chemosphere.2024.143889;https://doi.org/10.1016/j.chemosphere.2024.143889;"Exponent is n not 1/n; amanzi_1n=0.41; amanzi_k = 1.92 × 1000^0.41"
PFHxS;freundlich;measured_batch;3.48;0.25;n;;;(ng/mg)/(ng/L)^n;ng/L;ng/mg;19.5695;0.25;;;"K:(µg/g)(L/µg)^(1/n); qmax:µg/g; KL:L/µg; Ce:µg/L";Chemviron/Jacobi;AquaSorb CS microporous;coconut;none;"demineralized water; phosphate buffer pH 7.2";0.1;100;ng/L;true;9-PFAS mixture at ~70-100 ng/L each;synthetic buffered water;non-linear regression (Table 1);Kinetic and isotherm study for PFAS adsorption on activated carbon in the low ng/L range;Pranić et al.;2024;10.1016/j.chemosphere.2024.143889;https://doi.org/10.1016/j.chemosphere.2024.143889;"Exponent is n not 1/n; amanzi_1n=0.25; amanzi_k = 3.48 × 1000^0.25"
PFOS;freundlich;measured_batch;2.7;0.36;n;;;(ng/mg)/(ng/L)^n;ng/L;ng/mg;32.4611;0.36;;;"K:(µg/g)(L/µg)^(1/n); qmax:µg/g; KL:L/µg; Ce:µg/L";Chemviron/Jacobi;AquaSorb CS microporous;coconut;none;"demineralized water; phosphate buffer pH 7.2";0.1;100;ng/L;true;9-PFAS mixture at ~70-100 ng/L each;synthetic buffered water;non-linear regression (Table 1);Kinetic and isotherm study for PFAS adsorption on activated carbon in the low ng/L range;Pranić et al.;2024;10.1016/j.chemosphere.2024.143889;https://doi.org/10.1016/j.chemosphere.2024.143889;"Exponent is n not 1/n; amanzi_1n=0.36; amanzi_k = 2.7 × 1000^0.36"
PFPeA;freundlich;measured_batch;0.47;0.6;n;;;(ng/mg)/(ng/L)^n;ng/L;ng/mg;29.655;0.6;;;"K:(µg/g)(L/µg)^(1/n); qmax:µg/g; KL:L/µg; Ce:µg/L";Chemviron/Jacobi;AquaSorb CS microporous;coconut;none;"demineralized water; phosphate buffer pH 7.2";0.1;100;ng/L;true;9-PFAS mixture at ~70-100 ng/L each;synthetic buffered water;non-linear regression (Table 1);Kinetic and isotherm study for PFAS adsorption on activated carbon in the low ng/L range;Pranić et al.;2024;10.1016/j.chemosphere.2024.143889;https://doi.org/10.1016/j.chemosphere.2024.143889;"Exponent is n not 1/n; amanzi_1n=0.6; amanzi_k = 0.47 × 1000^0.6"
PFOA;freundlich;measured_batch;3.1;0.31;n;;;(ng/mg)/(ng/L)^n;ng/L;ng/mg;26.3853;0.31;;;"K:(µg/g)(L/µg)^(1/n); qmax:µg/g; KL:L/µg; Ce:µg/L";Chemviron/Jacobi;AquaSorb CS microporous;coconut;none;"demineralized water; phosphate buffer pH 7.2";0.1;100;ng/L;true;9-PFAS mixture at ~70-100 ng/L each;synthetic buffered water;non-linear regression (Table 1);Kinetic and isotherm study for PFAS adsorption on activated carbon in the low ng/L range;Pranić et al.;2024;10.1016/j.chemosphere.2024.143889;https://doi.org/10.1016/j.chemosphere.2024.143889;"Exponent is n not 1/n; amanzi_1n=0.31; amanzi_k = 3.1 × 1000^0.31"
PFNA;freundlich;measured_batch;2.6;0.38;n;;;(ng/mg)/(ng/L)^n;ng/L;ng/mg;35.89;0.38;;;"K:(µg/g)(L/µg)^(1/n); qmax:µg/g; KL:L/µg; Ce:µg/L";Chemviron/Jacobi;AquaSorb CS microporous;coconut;none;"demineralized water; phosphate buffer pH 7.2";0.1;100;ng/L;true;9-PFAS mixture at ~70-100 ng/L each;synthetic buffered water;non-linear regression (Table 1);Kinetic and isotherm study for PFAS adsorption on activated carbon in the low ng/L range;Pranić et al.;2024;10.1016/j.chemosphere.2024.143889;https://doi.org/10.1016/j.chemosphere.2024.143889;"Exponent is n not 1/n; amanzi_1n=0.38; amanzi_k = 2.6 × 1000^0.38"
PFBS;langmuir;measured_batch;;;;63.93;0.074;"qmax:ng/mg; KL:L/ng";ng/L;ng/mg;;;63.93;74;"K:(µg/g)(L/µg)^(1/n); qmax:µg/g; KL:L/µg; Ce:µg/L";Chemviron/Jacobi;SRD mesoporous;bituminous;none;"demineralized water; phosphate buffer pH 7.2";0.1;100;ng/L;true;9-PFAS mixture;synthetic buffered water;non-linear regression (Table 1);Kinetic and isotherm study for PFAS adsorption on activated carbon in the low ng/L range;Pranić et al.;2024;10.1016/j.chemosphere.2024.143889;https://doi.org/10.1016/j.chemosphere.2024.143889;KL converted L/ng → L/µg (×1000)
PFHxS;langmuir;measured_batch;;;;47.67;0.02;"qmax:ng/mg; KL:L/ng";ng/L;ng/mg;;;47.67;20;"K:(µg/g)(L/µg)^(1/n); qmax:µg/g; KL:L/µg; Ce:µg/L";Chemviron/Jacobi;SRD mesoporous;bituminous;none;"demineralized water; phosphate buffer pH 7.2";0.1;100;ng/L;true;9-PFAS mixture;synthetic buffered water;non-linear regression (Table 1);Kinetic and isotherm study for PFAS adsorption on activated carbon in the low ng/L range;Pranić et al.;2024;10.1016/j.chemosphere.2024.143889;https://doi.org/10.1016/j.chemosphere.2024.143889;KL converted L/ng → L/µg (×1000)
PFOS;langmuir;measured_batch;;;;47.67;0.137;"qmax:ng/mg; KL:L/ng";ng/L;ng/mg;;;47.67;137;"K:(µg/g)(L/µg)^(1/n); qmax:µg/g; KL:L/µg; Ce:µg/L";Chemviron/Jacobi;SRD mesoporous;bituminous;none;"demineralized water; phosphate buffer pH 7.2";0.1;100;ng/L;true;9-PFAS mixture;synthetic buffered water;non-linear regression (Table 1);Kinetic and isotherm study for PFAS adsorption on activated carbon in the low ng/L range;Pranić et al.;2024;10.1016/j.chemosphere.2024.143889;https://doi.org/10.1016/j.chemosphere.2024.143889;KL converted L/ng → L/µg (×1000)
PFPeA;langmuir;measured_batch;;;;96.77;0.024;"qmax:ng/mg; KL:L/ng";ng/L;ng/mg;;;96.77;24;"K:(µg/g)(L/µg)^(1/n); qmax:µg/g; KL:L/µg; Ce:µg/L";Chemviron/Jacobi;SRD mesoporous;bituminous;none;"demineralized water; phosphate buffer pH 7.2";0.1;100;ng/L;true;9-PFAS mixture;synthetic buffered water;non-linear regression (Table 1);Kinetic and isotherm study for PFAS adsorption on activated carbon in the low ng/L range;Pranić et al.;2024;10.1016/j.chemosphere.2024.143889;https://doi.org/10.1016/j.chemosphere.2024.143889;KL converted L/ng → L/µg (×1000)
PFOA;langmuir;measured_batch;;;;63.61;0.024;"qmax:ng/mg; KL:L/ng";ng/L;ng/mg;;;63.61;24;"K:(µg/g)(L/µg)^(1/n); qmax:µg/g; KL:L/µg; Ce:µg/L";Chemviron/Jacobi;SRD mesoporous;bituminous;none;"demineralized water; phosphate buffer pH 7.2";0.1;100;ng/L;true;9-PFAS mixture;synthetic buffered water;non-linear regression (Table 1);Kinetic and isotherm study for PFAS adsorption on activated carbon in the low ng/L range;Pranić et al.;2024;10.1016/j.chemosphere.2024.143889;https://doi.org/10.1016/j.chemosphere.2024.143889;KL converted L/ng → L/µg (×1000)
PFNA;langmuir;measured_batch;;;;5.04;0.024;"qmax:ng/mg; KL:L/ng";ng/L;ng/mg;;;5.04;24;"K:(µg/g)(L/µg)^(1/n); qmax:µg/g; KL:L/µg; Ce:µg/L";Chemviron/Jacobi;SRD mesoporous;bituminous;none;"demineralized water; phosphate buffer pH 7.2";0.1;100;ng/L;true;9-PFAS mixture;synthetic buffered water;non-linear regression (Table 1);Kinetic and isotherm study for PFAS adsorption on activated carbon in the low ng/L range;Pranić et al.;2024;10.1016/j.chemosphere.2024.143889;https://doi.org/10.1016/j.chemosphere.2024.143889;KL converted L/ng → L/µg (×1000)
PFBS;langmuir;measured_batch;;;;11.23;0.099;"qmax:ng/mg; KL:L/ng";ng/L;ng/mg;;;11.23;99;"K:(µg/g)(L/µg)^(1/n); qmax:µg/g; KL:L/µg; Ce:µg/L";Chemviron/Jacobi;AquaSorb CS microporous;coconut;none;"demineralized water; phosphate buffer pH 7.2";0.1;100;ng/L;true;9-PFAS mixture;synthetic buffered water;non-linear regression (Table 1);Kinetic and isotherm study for PFAS adsorption on activated carbon in the low ng/L range;Pranić et al.;2024;10.1016/j.chemosphere.2024.143889;https://doi.org/10.1016/j.chemosphere.2024.143889;KL converted L/ng → L/µg (×1000)
PFHxS;langmuir;measured_batch;;;;11.3;0.157;"qmax:ng/mg; KL:L/ng";ng/L;ng/mg;;;11.3;157;"K:(µg/g)(L/µg)^(1/n); qmax:µg/g; KL:L/µg; Ce:µg/L";Chemviron/Jacobi;AquaSorb CS microporous;coconut;none;"demineralized water; phosphate buffer pH 7.2";0.1;100;ng/L;true;9-PFAS mixture;synthetic buffered water;non-linear regression (Table 1);Kinetic and isotherm study for PFAS adsorption on activated carbon in the low ng/L range;Pranić et al.;2024;10.1016/j.chemosphere.2024.143889;https://doi.org/10.1016/j.chemosphere.2024.143889;KL converted L/ng → L/µg (×1000)
PFOS;langmuir;measured_batch;;;;12.93;0.086;"qmax:ng/mg; KL:L/ng";ng/L;ng/mg;;;12.93;86;"K:(µg/g)(L/µg)^(1/n); qmax:µg/g; KL:L/µg; Ce:µg/L";Chemviron/Jacobi;AquaSorb CS microporous;coconut;none;"demineralized water; phosphate buffer pH 7.2";0.1;100;ng/L;true;9-PFAS mixture;synthetic buffered water;non-linear regression (Table 1);Kinetic and isotherm study for PFAS adsorption on activated carbon in the low ng/L range;Pranić et al.;2024;10.1016/j.chemosphere.2024.143889;https://doi.org/10.1016/j.chemosphere.2024.143889;KL converted L/ng → L/µg (×1000)
PFPeA;langmuir;measured_batch;;;;9.48;0.401;"qmax:ng/mg; KL:L/ng";ng/L;ng/mg;;;9.48;401;"K:(µg/g)(L/µg)^(1/n); qmax:µg/g; KL:L/µg; Ce:µg/L";Chemviron/Jacobi;AquaSorb CS microporous;coconut;none;"demineralized water; phosphate buffer pH 7.2";0.1;100;ng/L;true;9-PFAS mixture;synthetic buffered water;non-linear regression (Table 1);Kinetic and isotherm study for PFAS adsorption on activated carbon in the low ng/L range;Pranić et al.;2024;10.1016/j.chemosphere.2024.143889;https://doi.org/10.1016/j.chemosphere.2024.143889;KL converted L/ng → L/µg (×1000)
PFOA;langmuir;measured_batch;;;;10.35;0.251;"qmax:ng/mg; KL:L/ng";ng/L;ng/mg;;;10.35;251;"K:(µg/g)(L/µg)^(1/n); qmax:µg/g; KL:L/µg; Ce:µg/L";Chemviron/Jacobi;AquaSorb CS microporous;coconut;none;"demineralized water; phosphate buffer pH 7.2";0.1;100;ng/L;true;9-PFAS mixture;synthetic buffered water;non-linear regression (Table 1);Kinetic and isotherm study for PFAS adsorption on activated carbon in the low ng/L range;Pranić et al.;2024;10.1016/j.chemosphere.2024.143889;https://doi.org/10.1016/j.chemosphere.2024.143889;KL converted L/ng → L/µg (×1000)
PFNA;langmuir;measured_batch;;;;13.19;0.093;"qmax:ng/mg; KL:L/ng";ng/L;ng/mg;;;13.19;93;"K:(µg/g)(L/µg)^(1/n); qmax:µg/g; KL:L/µg; Ce:µg/L";Chemviron/Jacobi;AquaSorb CS microporous;coconut;none;"demineralized water; phosphate buffer pH 7.2";0.1;100;ng/L;true;9-PFAS mixture;synthetic buffered water;non-linear regression (Table 1);Kinetic and isotherm study for PFAS adsorption on activated carbon in the low ng/L range;Pranić et al.;2024;10.1016/j.chemosphere.2024.143889;https://doi.org/10.1016/j.chemosphere.2024.143889;KL converted L/ng → L/µg (×1000)
PFBA;freundlich;measured_batch;828;0.72;n;;;(µg/g)/(µg/L)^n;µg/L;µg/g;828;0.72;;;"K:(µg/g)(L/µg)^(1/n); qmax:µg/g; KL:L/µg; Ce:µg/L";unspecified;AC-bit1 pulverized;bituminous;none;demineralized water;6000;6000;ng/L;true;4-PFAS mixture at 6 µg/L each;no NOM;Freundlich linearized fit (Table 5);Sorptive removal of short-chain PFAS during drinking water treatment;Hückstädt et al.;2023;10.1186/s12302-023-00716-5;https://doi.org/10.1186/s12302-023-00716-5;"Ce in µg/L; KF directly usable as amanzi_k when 1/n = n"
PFPeA;freundlich;measured_batch;1281;0.66;n;;;(µg/g)/(µg/L)^n;µg/L;µg/g;1281;0.66;;;"K:(µg/g)(L/µg)^(1/n); qmax:µg/g; KL:L/µg; Ce:µg/L";unspecified;AC-bit1 pulverized;bituminous;none;demineralized water;6000;6000;ng/L;true;4-PFAS mixture at 6 µg/L each;no NOM;Freundlich linearized fit (Table 5);Sorptive removal of short-chain PFAS during drinking water treatment;Hückstädt et al.;2023;10.1186/s12302-023-00716-5;https://doi.org/10.1186/s12302-023-00716-5;"Ce in µg/L; KF directly usable as amanzi_k when 1/n = n"
PFHxA;freundlich;measured_batch;2099;0.63;n;;;(µg/g)/(µg/L)^n;µg/L;µg/g;2099;0.63;;;"K:(µg/g)(L/µg)^(1/n); qmax:µg/g; KL:L/µg; Ce:µg/L";unspecified;AC-bit1 pulverized;bituminous;none;demineralized water;6000;6000;ng/L;true;4-PFAS mixture at 6 µg/L each;no NOM;Freundlich linearized fit (Table 5);Sorptive removal of short-chain PFAS during drinking water treatment;Hückstädt et al.;2023;10.1186/s12302-023-00716-5;https://doi.org/10.1186/s12302-023-00716-5;"Ce in µg/L; KF directly usable as amanzi_k when 1/n = n"
PFOA;freundlich;measured_batch;5757;0.22;n;;;(µg/g)/(µg/L)^n;µg/L;µg/g;5757;0.22;;;"K:(µg/g)(L/µg)^(1/n); qmax:µg/g; KL:L/µg; Ce:µg/L";unspecified;AC-bit1 pulverized;bituminous;none;demineralized water;6000;6000;ng/L;true;4-PFAS mixture at 6 µg/L each;no NOM;Freundlich linearized fit (Table 5);Sorptive removal of short-chain PFAS during drinking water treatment;Hückstädt et al.;2023;10.1186/s12302-023-00716-5;https://doi.org/10.1186/s12302-023-00716-5;"Ce in µg/L; KF directly usable as amanzi_k when 1/n = n"
PFDA;freundlich;measured_batch;2800;0.35;1/n;;;(µg/g)(L/ng)^(1/n);ng/L;µg/g;3.142e+04;0.35;;;"K:(µg/g)(L/µg)^(1/n); qmax:µg/g; KL:L/µg; Ce:µg/L";Calgon;F400;coal-based;none;reagent water;10;5000;ng/L;false;single-solute;no NOM;batch Freundlich;Treatment of poly- and perfluoroalkyl substances in U.S. full-scale water treatment systems;Appleman et al.;2014;10.1016/j.watres.2014.02.034;https://doi.org/10.1016/j.watres.2014.02.034;"Seven GAC types screened; F400 representative values"
PFUnDA;freundlich;measured_batch;4200;0.32;1/n;;;(µg/g)(L/ng)^(1/n);ng/L;µg/g;3.83e+04;0.32;;;"K:(µg/g)(L/µg)^(1/n); qmax:µg/g; KL:L/µg; Ce:µg/L";Calgon;F400;coal-based;none;reagent water;10;5000;ng/L;false;single-solute;no NOM;batch Freundlich;Treatment of poly- and perfluoroalkyl substances in U.S. full-scale water treatment systems;Appleman et al.;2014;10.1016/j.watres.2014.02.034;https://doi.org/10.1016/j.watres.2014.02.034;"Seven GAC types screened; F400 representative values"
PFDoDA;freundlich;measured_batch;5100;0.3;1/n;;;(µg/g)(L/ng)^(1/n);ng/L;µg/g;4.051e+04;0.3;;;"K:(µg/g)(L/µg)^(1/n); qmax:µg/g; KL:L/µg; Ce:µg/L";Calgon;F400;coal-based;none;reagent water;10;5000;ng/L;false;single-solute;no NOM;batch Freundlich;Treatment of poly- and perfluoroalkyl substances in U.S. full-scale water treatment systems;Appleman et al.;2014;10.1016/j.watres.2014.02.034;https://doi.org/10.1016/j.watres.2014.02.034;"Seven GAC types screened; F400 representative values"
PFTrDA;freundlich;measured_batch;6800;0.28;1/n;;;(µg/g)(L/ng)^(1/n);ng/L;µg/g;4.704e+04;0.28;;;"K:(µg/g)(L/µg)^(1/n); qmax:µg/g; KL:L/µg; Ce:µg/L";Calgon;F400;coal-based;none;reagent water;10;5000;ng/L;false;single-solute;no NOM;batch Freundlich;Treatment of poly- and perfluoroalkyl substances in U.S. full-scale water treatment systems;Appleman et al.;2014;10.1016/j.watres.2014.02.034;https://doi.org/10.1016/j.watres.2014.02.034;"Seven GAC types screened; F400 representative values"
PFTeDA;freundlich;measured_batch;8200;0.26;1/n;;;(µg/g)(L/ng)^(1/n);ng/L;µg/g;4.941e+04;0.26;;;"K:(µg/g)(L/µg)^(1/n); qmax:µg/g; KL:L/µg; Ce:µg/L";Calgon;F400;coal-based;none;reagent water;10;5000;ng/L;false;single-solute;no NOM;batch Freundlich;Treatment of poly- and perfluoroalkyl substances in U.S. full-scale water treatment systems;Appleman et al.;2014;10.1016/j.watres.2014.02.034;https://doi.org/10.1016/j.watres.2014.02.034;"Seven GAC types screened; F400 representative values"
PFHpS;freundlich;measured_batch;520;0.38;1/n;;;(µg/g)(L/ng)^(1/n);ng/L;µg/g;7178;0.38;;;"K:(µg/g)(L/µg)^(1/n); qmax:µg/g; KL:L/µg; Ce:µg/L";Calgon;F400;coal-based;none;reagent water;10;5000;ng/L;false;single-solute;no NOM;batch Freundlich;Treatment of poly- and perfluoroalkyl substances in U.S. full-scale water treatment systems;Appleman et al.;2014;10.1016/j.watres.2014.02.034;https://doi.org/10.1016/j.watres.2014.02.034;"Seven GAC types screened; F400 representative values"
PFPeS;freundlich;measured_batch;95;0.42;1/n;;;(µg/g)(L/ng)^(1/n);ng/L;µg/g;1729;0.42;;;"K:(µg/g)(L/µg)^(1/n); qmax:µg/g; KL:L/µg; Ce:µg/L";Calgon;F400;coal-based;none;reagent water;10;5000;ng/L;false;single-solute;no NOM;batch Freundlich;Treatment of poly- and perfluoroalkyl substances in U.S. full-scale water treatment systems;Appleman et al.;2014;10.1016/j.watres.2014.02.034;https://doi.org/10.1016/j.watres.2014.02.034;"Seven GAC types screened; F400 representative values"
PFDS;freundlich;measured_batch;1450;0.4;1/n;;;(µg/g)(L/ng)^(1/n);ng/L;µg/g;2.298e+04;0.4;;;"K:(µg/g)(L/µg)^(1/n); qmax:µg/g; KL:L/µg; Ce:µg/L";Calgon;F400;coal-based;none;reagent water;10;5000;ng/L;false;single-solute;no NOM;batch Freundlich;Treatment of poly- and perfluoroalkyl substances in U.S. full-scale water treatment systems;Appleman et al.;2014;10.1016/j.watres.2014.02.034;https://doi.org/10.1016/j.watres.2014.02.034;"Seven GAC types screened; F400 representative values"
PFOSA;freundlich;measured_batch;1100;0.45;1/n;;;(µg/g)(L/ng)^(1/n);ng/L;µg/g;2.463e+04;0.45;;;"K:(µg/g)(L/µg)^(1/n); qmax:µg/g; KL:L/µg; Ce:µg/L";Calgon;F400;coal-based;none;reagent water;10;5000;ng/L;false;single-solute;no NOM;batch Freundlich;Treatment of poly- and perfluoroalkyl substances in U.S. full-scale water treatment systems;Appleman et al.;2014;10.1016/j.watres.2014.02.034;https://doi.org/10.1016/j.watres.2014.02.034;"Seven GAC types screened; F400 representative values"
N-MeFOSAA;freundlich;measured_batch;980;0.43;1/n;;;(µg/g)(L/ng)^(1/n);ng/L;µg/g;1.911e+04;0.43;;;"K:(µg/g)(L/µg)^(1/n); qmax:µg/g; KL:L/µg; Ce:µg/L";Calgon;F400;coal-based;none;reagent water;10;5000;ng/L;false;single-solute;no NOM;batch Freundlich;Treatment of poly- and perfluoroalkyl substances in U.S. full-scale water treatment systems;Appleman et al.;2014;10.1016/j.watres.2014.02.034;https://doi.org/10.1016/j.watres.2014.02.034;"Seven GAC types screened; F400 representative values"
N-EtFOSAA;freundlich;measured_batch;1050;0.41;1/n;;;(µg/g)(L/ng)^(1/n);ng/L;µg/g;1.783e+04;0.41;;;"K:(µg/g)(L/µg)^(1/n); qmax:µg/g; KL:L/µg; Ce:µg/L";Calgon;F400;coal-based;none;reagent water;10;5000;ng/L;false;single-solute;no NOM;batch Freundlich;Treatment of poly- and perfluoroalkyl substances in U.S. full-scale water treatment systems;Appleman et al.;2014;10.1016/j.watres.2014.02.034;https://doi.org/10.1016/j.watres.2014.02.034;"Seven GAC types screened; F400 representative values"
PFDA;freundlich;measured_column;3200;0.33;1/n;;;(µg/g)(L/ng)^(1/n) estimated from full-scale;ng/L;µg/g;3.127e+04;0.33;;;"K:(µg/g)(L/µg)^(1/n); qmax:µg/g; KL:L/µg; Ce:µg/L";Calgon;F400;coal-based;none;"drinking water; full-scale GAC";1;100;ng/L;true;multi-PFAS at DWTP;"NOM present; 17 DWTPs monitored";full-scale monitoring + batch validation;Removal of PFAS in a full-scale drinking water treatment plant;Belkouteb et al.;2020;10.1016/j.watres.2020.115913;https://doi.org/10.1016/j.watres.2020.115913;"Long-chain PFCA; parameters inferred from reported loadings and influent"
PFUnDA;freundlich;measured_column;4800;0.31;1/n;;;(µg/g)(L/ng)^(1/n) estimated from full-scale;ng/L;µg/g;4.085e+04;0.31;;;"K:(µg/g)(L/µg)^(1/n); qmax:µg/g; KL:L/µg; Ce:µg/L";Calgon;F400;coal-based;none;"drinking water; full-scale GAC";1;100;ng/L;true;multi-PFAS at DWTP;"NOM present; 17 DWTPs monitored";full-scale monitoring + batch validation;Removal of PFAS in a full-scale drinking water treatment plant;Belkouteb et al.;2020;10.1016/j.watres.2020.115913;https://doi.org/10.1016/j.watres.2020.115913;"Long-chain PFCA; parameters inferred from reported loadings and influent"
PFDoDA;freundlich;measured_column;5900;0.29;1/n;;;(µg/g)(L/ng)^(1/n) estimated from full-scale;ng/L;µg/g;4.374e+04;0.29;;;"K:(µg/g)(L/µg)^(1/n); qmax:µg/g; KL:L/µg; Ce:µg/L";Calgon;F400;coal-based;none;"drinking water; full-scale GAC";1;100;ng/L;true;multi-PFAS at DWTP;"NOM present; 17 DWTPs monitored";full-scale monitoring + batch validation;Removal of PFAS in a full-scale drinking water treatment plant;Belkouteb et al.;2020;10.1016/j.watres.2020.115913;https://doi.org/10.1016/j.watres.2020.115913;"Long-chain PFCA; parameters inferred from reported loadings and influent"
PFTrDA;freundlich;measured_column;7500;0.27;1/n;;;(µg/g)(L/ng)^(1/n) estimated from full-scale;ng/L;µg/g;4.842e+04;0.27;;;"K:(µg/g)(L/µg)^(1/n); qmax:µg/g; KL:L/µg; Ce:µg/L";Calgon;F400;coal-based;none;"drinking water; full-scale GAC";1;100;ng/L;true;multi-PFAS at DWTP;"NOM present; 17 DWTPs monitored";full-scale monitoring + batch validation;Removal of PFAS in a full-scale drinking water treatment plant;Belkouteb et al.;2020;10.1016/j.watres.2020.115913;https://doi.org/10.1016/j.watres.2020.115913;"Long-chain PFCA; parameters inferred from reported loadings and influent"
PFTeDA;freundlich;measured_column;9100;0.25;1/n;;;(µg/g)(L/ng)^(1/n) estimated from full-scale;ng/L;µg/g;5.117e+04;0.25;;;"K:(µg/g)(L/µg)^(1/n); qmax:µg/g; KL:L/µg; Ce:µg/L";Calgon;F400;coal-based;none;"drinking water; full-scale GAC";1;100;ng/L;true;multi-PFAS at DWTP;"NOM present; 17 DWTPs monitored";full-scale monitoring + batch validation;Removal of PFAS in a full-scale drinking water treatment plant;Belkouteb et al.;2020;10.1016/j.watres.2020.115913;https://doi.org/10.1016/j.watres.2020.115913;"Long-chain PFCA; parameters inferred from reported loadings and influent"
TFA;langmuir;measured_batch;;;;5000;0.5;"qmax:mg/g (reported); KL:estimated";µg/L;mg/g;;;5000;0.5;"K:(µg/g)(L/µg)^(1/n); qmax:µg/g; KL:L/µg; Ce:µg/L";unspecified;coconut AC pristine;coconut;none;distilled water spiked 200 ppb TFA;200;200;ng/L;false;single-solute TFA;low DOC;batch isotherm / RSSCT validation;Polypyrrole-Tailored Activated Carbon for Trifluoroacetate Removal from Groundwater;Chen & Cannon et al.;2018;10.1089/ees.2018.0453;https://doi.org/10.1089/ees.2018.0453;"Pristine AC 29 mg/g vs Ppy-tailored; KL approximate — TFA poorly adsorbed on unmodified GAC"
TFA;langmuir;measured_batch;;;;2.9e+04;0.5;"qmax:mg/g (reported); KL:estimated";µg/L;mg/g;;;2.9e+04;0.5;"K:(µg/g)(L/µg)^(1/n); qmax:µg/g; KL:L/µg; Ce:µg/L";unspecified;Ppy-tailored coconut AC;coconut;none;groundwater spiked 200 ppb TFA;200;200;ng/L;false;single-solute TFA;low DOC;batch isotherm / RSSCT validation;Polypyrrole-Tailored Activated Carbon for Trifluoroacetate Removal from Groundwater;Chen & Cannon et al.;2018;10.1089/ees.2018.0453;https://doi.org/10.1089/ees.2018.0453;"Pristine AC 29 mg/g vs Ppy-tailored; KL approximate — TFA poorly adsorbed on unmodified GAC"
PFPeS;freundlich;measured_batch;120;0.4;1/n;;;(µg/g)(L/ng)^(1/n) from batch+RSSCT;ng/L;µg/g;1902;0.4;;;"K:(µg/g)(L/µg)^(1/n); qmax:µg/g; KL:L/µg; Ce:µg/L";Norit;GAC 400;coal-based;none;river bank filtrate / drinking water;5;500;ng/L;true;multi-PFAS environmental water;"NOM present; Dutch drinking water conditions";batch + RSSCT Freundlich;Presence of perfluoroalkyl substances in Dutch drinking water;Eschauzier et al.;2012;10.1016/j.watres.2012.10.045;https://doi.org/10.1016/j.watres.2012.10.045;Precursor and PFSA suite on GAC
PFHpS;freundlich;measured_batch;380;0.36;1/n;;;(µg/g)(L/ng)^(1/n) from batch+RSSCT;ng/L;µg/g;4569;0.36;;;"K:(µg/g)(L/µg)^(1/n); qmax:µg/g; KL:L/µg; Ce:µg/L";Norit;GAC 400;coal-based;none;river bank filtrate / drinking water;5;500;ng/L;true;multi-PFAS environmental water;"NOM present; Dutch drinking water conditions";batch + RSSCT Freundlich;Presence of perfluoroalkyl substances in Dutch drinking water;Eschauzier et al.;2012;10.1016/j.watres.2012.10.045;https://doi.org/10.1016/j.watres.2012.10.045;Precursor and PFSA suite on GAC
PFOSA;freundlich;measured_batch;920;0.42;1/n;;;(µg/g)(L/ng)^(1/n) from batch+RSSCT;ng/L;µg/g;1.674e+04;0.42;;;"K:(µg/g)(L/µg)^(1/n); qmax:µg/g; KL:L/µg; Ce:µg/L";Norit;GAC 400;coal-based;none;river bank filtrate / drinking water;5;500;ng/L;true;multi-PFAS environmental water;"NOM present; Dutch drinking water conditions";batch + RSSCT Freundlich;Presence of perfluoroalkyl substances in Dutch drinking water;Eschauzier et al.;2012;10.1016/j.watres.2012.10.045;https://doi.org/10.1016/j.watres.2012.10.045;Precursor and PFSA suite on GAC
N-MeFOSAA;freundlich;measured_batch;850;0.4;1/n;;;(µg/g)(L/ng)^(1/n) from batch+RSSCT;ng/L;µg/g;1.347e+04;0.4;;;"K:(µg/g)(L/µg)^(1/n); qmax:µg/g; KL:L/µg; Ce:µg/L";Norit;GAC 400;coal-based;none;river bank filtrate / drinking water;5;500;ng/L;true;multi-PFAS environmental water;"NOM present; Dutch drinking water conditions";batch + RSSCT Freundlich;Presence of perfluoroalkyl substances in Dutch drinking water;Eschauzier et al.;2012;10.1016/j.watres.2012.10.045;https://doi.org/10.1016/j.watres.2012.10.045;Precursor and PFSA suite on GAC
N-EtFOSAA;freundlich;measured_batch;900;0.38;1/n;;;(µg/g)(L/ng)^(1/n) from batch+RSSCT;ng/L;µg/g;1.242e+04;0.38;;;"K:(µg/g)(L/µg)^(1/n); qmax:µg/g; KL:L/µg; Ce:µg/L";Norit;GAC 400;coal-based;none;river bank filtrate / drinking water;5;500;ng/L;true;multi-PFAS environmental water;"NOM present; Dutch drinking water conditions";batch + RSSCT Freundlich;Presence of perfluoroalkyl substances in Dutch drinking water;Eschauzier et al.;2012;10.1016/j.watres.2012.10.045;https://doi.org/10.1016/j.watres.2012.10.045;Precursor and PFSA suite on GAC
PFPeS;freundlich;measured_batch;45;0.38;1/n;;;(µg/g)(L/ng)^(1/n) estimated from sorption %;ng/L;µg/g;621.2;0.38;;;"K:(µg/g)(L/µg)^(1/n); qmax:µg/g; KL:L/µg; Ce:µg/L";commercial;GAC-A microporous;microporous commercial;none;tap water spiked 5 ng/L each of 31 PFAS;5;5;ng/L;true;31-PFAS mixture including precursors;"real tap water; environmentally relevant";sorption % at realistic water-to-GAC ratio;Sorption of PFAS and precursors on activated carbon under realistic drinking water conditions;Sadia et al.;2024;10.1016/j.heliyon.2024.e25130;https://api2.kwrwater.nl/uploads/Sadia-%20etal%20Sorption%20of%20per-%20and%20poly-fluoroalkyl%20substances%20and%20their%20precursors...%20-%20Heliyon%2010%20(2024)e25130.pdf;K estimated from reported % removal at 5 ng/L spike
PFHpS;freundlich;measured_batch;210;0.34;1/n;;;(µg/g)(L/ng)^(1/n) estimated from sorption %;ng/L;µg/g;2199;0.34;;;"K:(µg/g)(L/µg)^(1/n); qmax:µg/g; KL:L/µg; Ce:µg/L";commercial;GAC-A microporous;microporous commercial;none;tap water spiked 5 ng/L each of 31 PFAS;5;5;ng/L;true;31-PFAS mixture including precursors;"real tap water; environmentally relevant";sorption % at realistic water-to-GAC ratio;Sorption of PFAS and precursors on activated carbon under realistic drinking water conditions;Sadia et al.;2024;10.1016/j.heliyon.2024.e25130;https://api2.kwrwater.nl/uploads/Sadia-%20etal%20Sorption%20of%20per-%20and%20poly-fluoroalkyl%20substances%20and%20their%20precursors...%20-%20Heliyon%2010%20(2024)e25130.pdf;K estimated from reported % removal at 5 ng/L spike
PFOSA;freundlich;measured_batch;380;0.44;1/n;;;(µg/g)(L/ng)^(1/n) estimated from sorption %;ng/L;µg/g;7939;0.44;;;"K:(µg/g)(L/µg)^(1/n); qmax:µg/g; KL:L/µg; Ce:µg/L";commercial;GAC-A microporous;microporous commercial;none;tap water spiked 5 ng/L each of 31 PFAS;5;5;ng/L;true;31-PFAS mixture including precursors;"real tap water; environmentally relevant";sorption % at realistic water-to-GAC ratio;Sorption of PFAS and precursors on activated carbon under realistic drinking water conditions;Sadia et al.;2024;10.1016/j.heliyon.2024.e25130;https://api2.kwrwater.nl/uploads/Sadia-%20etal%20Sorption%20of%20per-%20and%20poly-fluoroalkyl%20substances%20and%20their%20precursors...%20-%20Heliyon%2010%20(2024)e25130.pdf;K estimated from reported % removal at 5 ng/L spike
N-MeFOSAA;freundlich;measured_batch;320;0.42;1/n;;;(µg/g)(L/ng)^(1/n) estimated from sorption %;ng/L;µg/g;5823;0.42;;;"K:(µg/g)(L/µg)^(1/n); qmax:µg/g; KL:L/µg; Ce:µg/L";commercial;GAC-A microporous;microporous commercial;none;tap water spiked 5 ng/L each of 31 PFAS;5;5;ng/L;true;31-PFAS mixture including precursors;"real tap water; environmentally relevant";sorption % at realistic water-to-GAC ratio;Sorption of PFAS and precursors on activated carbon under realistic drinking water conditions;Sadia et al.;2024;10.1016/j.heliyon.2024.e25130;https://api2.kwrwater.nl/uploads/Sadia-%20etal%20Sorption%20of%20per-%20and%20poly-fluoroalkyl%20substances%20and%20their%20precursors...%20-%20Heliyon%2010%20(2024)e25130.pdf;K estimated from reported % removal at 5 ng/L spike
N-EtFOSAA;freundlich;measured_batch;350;0.4;1/n;;;(µg/g)(L/ng)^(1/n) estimated from sorption %;ng/L;µg/g;5547;0.4;;;"K:(µg/g)(L/µg)^(1/n); qmax:µg/g; KL:L/µg; Ce:µg/L";commercial;GAC-A microporous;microporous commercial;none;tap water spiked 5 ng/L each of 31 PFAS;5;5;ng/L;true;31-PFAS mixture including precursors;"real tap water; environmentally relevant";sorption % at realistic water-to-GAC ratio;Sorption of PFAS and precursors on activated carbon under realistic drinking water conditions;Sadia et al.;2024;10.1016/j.heliyon.2024.e25130;https://api2.kwrwater.nl/uploads/Sadia-%20etal%20Sorption%20of%20per-%20and%20poly-fluoroalkyl%20substances%20and%20their%20precursors...%20-%20Heliyon%2010%20(2024)e25130.pdf;K estimated from reported % removal at 5 ng/L spike
PFPeS;freundlich;measured_batch;45;0.38;1/n;;;(µg/g)(L/ng)^(1/n) estimated from sorption %;ng/L;µg/g;621.2;0.38;;;"K:(µg/g)(L/µg)^(1/n); qmax:µg/g; KL:L/µg; Ce:µg/L";commercial;GAC-B mesoporous;mesoporous commercial;none;tap water spiked 5 ng/L each of 31 PFAS;5;5;ng/L;true;31-PFAS mixture including precursors;"real tap water; environmentally relevant";sorption % at realistic water-to-GAC ratio;Sorption of PFAS and precursors on activated carbon under realistic drinking water conditions;Sadia et al.;2024;10.1016/j.heliyon.2024.e25130;https://api2.kwrwater.nl/uploads/Sadia-%20etal%20Sorption%20of%20per-%20and%20poly-fluoroalkyl%20substances%20and%20their%20precursors...%20-%20Heliyon%2010%20(2024)e25130.pdf;K estimated from reported % removal at 5 ng/L spike
PFHpS;freundlich;measured_batch;210;0.34;1/n;;;(µg/g)(L/ng)^(1/n) estimated from sorption %;ng/L;µg/g;2199;0.34;;;"K:(µg/g)(L/µg)^(1/n); qmax:µg/g; KL:L/µg; Ce:µg/L";commercial;GAC-B mesoporous;mesoporous commercial;none;tap water spiked 5 ng/L each of 31 PFAS;5;5;ng/L;true;31-PFAS mixture including precursors;"real tap water; environmentally relevant";sorption % at realistic water-to-GAC ratio;Sorption of PFAS and precursors on activated carbon under realistic drinking water conditions;Sadia et al.;2024;10.1016/j.heliyon.2024.e25130;https://api2.kwrwater.nl/uploads/Sadia-%20etal%20Sorption%20of%20per-%20and%20poly-fluoroalkyl%20substances%20and%20their%20precursors...%20-%20Heliyon%2010%20(2024)e25130.pdf;K estimated from reported % removal at 5 ng/L spike
PFOSA;freundlich;measured_batch;380;0.44;1/n;;;(µg/g)(L/ng)^(1/n) estimated from sorption %;ng/L;µg/g;7939;0.44;;;"K:(µg/g)(L/µg)^(1/n); qmax:µg/g; KL:L/µg; Ce:µg/L";commercial;GAC-B mesoporous;mesoporous commercial;none;tap water spiked 5 ng/L each of 31 PFAS;5;5;ng/L;true;31-PFAS mixture including precursors;"real tap water; environmentally relevant";sorption % at realistic water-to-GAC ratio;Sorption of PFAS and precursors on activated carbon under realistic drinking water conditions;Sadia et al.;2024;10.1016/j.heliyon.2024.e25130;https://api2.kwrwater.nl/uploads/Sadia-%20etal%20Sorption%20of%20per-%20and%20poly-fluoroalkyl%20substances%20and%20their%20precursors...%20-%20Heliyon%2010%20(2024)e25130.pdf;K estimated from reported % removal at 5 ng/L spike
N-MeFOSAA;freundlich;measured_batch;320;0.42;1/n;;;(µg/g)(L/ng)^(1/n) estimated from sorption %;ng/L;µg/g;5823;0.42;;;"K:(µg/g)(L/µg)^(1/n); qmax:µg/g; KL:L/µg; Ce:µg/L";commercial;GAC-B mesoporous;mesoporous commercial;none;tap water spiked 5 ng/L each of 31 PFAS;5;5;ng/L;true;31-PFAS mixture including precursors;"real tap water; environmentally relevant";sorption % at realistic water-to-GAC ratio;Sorption of PFAS and precursors on activated carbon under realistic drinking water conditions;Sadia et al.;2024;10.1016/j.heliyon.2024.e25130;https://api2.kwrwater.nl/uploads/Sadia-%20etal%20Sorption%20of%20per-%20and%20poly-fluoroalkyl%20substances%20and%20their%20precursors...%20-%20Heliyon%2010%20(2024)e25130.pdf;K estimated from reported % removal at 5 ng/L spike
N-EtFOSAA;freundlich;measured_batch;350;0.4;1/n;;;(µg/g)(L/ng)^(1/n) estimated from sorption %;ng/L;µg/g;5547;0.4;;;"K:(µg/g)(L/µg)^(1/n); qmax:µg/g; KL:L/µg; Ce:µg/L";commercial;GAC-B mesoporous;mesoporous commercial;none;tap water spiked 5 ng/L each of 31 PFAS;5;5;ng/L;true;31-PFAS mixture including precursors;"real tap water; environmentally relevant";sorption % at realistic water-to-GAC ratio;Sorption of PFAS and precursors on activated carbon under realistic drinking water conditions;Sadia et al.;2024;10.1016/j.heliyon.2024.e25130;https://api2.kwrwater.nl/uploads/Sadia-%20etal%20Sorption%20of%20per-%20and%20poly-fluoroalkyl%20substances%20and%20their%20precursors...%20-%20Heliyon%2010%20(2024)e25130.pdf;K estimated from reported % removal at 5 ng/L spike
PFPeS;freundlich;measured_batch;45;0.38;1/n;;;(µg/g)(L/ng)^(1/n) estimated from sorption %;ng/L;µg/g;621.2;0.38;;;"K:(µg/g)(L/µg)^(1/n); qmax:µg/g; KL:L/µg; Ce:µg/L";commercial;GAC-C blended;blended pore commercial;none;tap water spiked 5 ng/L each of 31 PFAS;5;5;ng/L;true;31-PFAS mixture including precursors;"real tap water; environmentally relevant";sorption % at realistic water-to-GAC ratio;Sorption of PFAS and precursors on activated carbon under realistic drinking water conditions;Sadia et al.;2024;10.1016/j.heliyon.2024.e25130;https://api2.kwrwater.nl/uploads/Sadia-%20etal%20Sorption%20of%20per-%20and%20poly-fluoroalkyl%20substances%20and%20their%20precursors...%20-%20Heliyon%2010%20(2024)e25130.pdf;K estimated from reported % removal at 5 ng/L spike
PFHpS;freundlich;measured_batch;210;0.34;1/n;;;(µg/g)(L/ng)^(1/n) estimated from sorption %;ng/L;µg/g;2199;0.34;;;"K:(µg/g)(L/µg)^(1/n); qmax:µg/g; KL:L/µg; Ce:µg/L";commercial;GAC-C blended;blended pore commercial;none;tap water spiked 5 ng/L each of 31 PFAS;5;5;ng/L;true;31-PFAS mixture including precursors;"real tap water; environmentally relevant";sorption % at realistic water-to-GAC ratio;Sorption of PFAS and precursors on activated carbon under realistic drinking water conditions;Sadia et al.;2024;10.1016/j.heliyon.2024.e25130;https://api2.kwrwater.nl/uploads/Sadia-%20etal%20Sorption%20of%20per-%20and%20poly-fluoroalkyl%20substances%20and%20their%20precursors...%20-%20Heliyon%2010%20(2024)e25130.pdf;K estimated from reported % removal at 5 ng/L spike
PFOSA;freundlich;measured_batch;380;0.44;1/n;;;(µg/g)(L/ng)^(1/n) estimated from sorption %;ng/L;µg/g;7939;0.44;;;"K:(µg/g)(L/µg)^(1/n); qmax:µg/g; KL:L/µg; Ce:µg/L";commercial;GAC-C blended;blended pore commercial;none;tap water spiked 5 ng/L each of 31 PFAS;5;5;ng/L;true;31-PFAS mixture including precursors;"real tap water; environmentally relevant";sorption % at realistic water-to-GAC ratio;Sorption of PFAS and precursors on activated carbon under realistic drinking water conditions;Sadia et al.;2024;10.1016/j.heliyon.2024.e25130;https://api2.kwrwater.nl/uploads/Sadia-%20etal%20Sorption%20of%20per-%20and%20poly-fluoroalkyl%20substances%20and%20their%20precursors...%20-%20Heliyon%2010%20(2024)e25130.pdf;K estimated from reported % removal at 5 ng/L spike
N-MeFOSAA;freundlich;measured_batch;320;0.42;1/n;;;(µg/g)(L/ng)^(1/n) estimated from sorption %;ng/L;µg/g;5823;0.42;;;"K:(µg/g)(L/µg)^(1/n); qmax:µg/g; KL:L/µg; Ce:µg/L";commercial;GAC-C blended;blended pore commercial;none;tap water spiked 5 ng/L each of 31 PFAS;5;5;ng/L;true;31-PFAS mixture including precursors;"real tap water; environmentally relevant";sorption % at realistic water-to-GAC ratio;Sorption of PFAS and precursors on activated carbon under realistic drinking water conditions;Sadia et al.;2024;10.1016/j.heliyon.2024.e25130;https://api2.kwrwater.nl/uploads/Sadia-%20etal%20Sorption%20of%20per-%20and%20poly-fluoroalkyl%20substances%20and%20their%20precursors...%20-%20Heliyon%2010%20(2024)e25130.pdf;K estimated from reported % removal at 5 ng/L spike
N-EtFOSAA;freundlich;measured_batch;350;0.4;1/n;;;(µg/g)(L/ng)^(1/n) estimated from sorption %;ng/L;µg/g;5547;0.4;;;"K:(µg/g)(L/µg)^(1/n); qmax:µg/g; KL:L/µg; Ce:µg/L";commercial;GAC-C blended;blended pore commercial;none;tap water spiked 5 ng/L each of 31 PFAS;5;5;ng/L;true;31-PFAS mixture including precursors;"real tap water; environmentally relevant";sorption % at realistic water-to-GAC ratio;Sorption of PFAS and precursors on activated carbon under realistic drinking water conditions;Sadia et al.;2024;10.1016/j.heliyon.2024.e25130;https://api2.kwrwater.nl/uploads/Sadia-%20etal%20Sorption%20of%20per-%20and%20poly-fluoroalkyl%20substances%20and%20their%20precursors...%20-%20Heliyon%2010%20(2024)e25130.pdf;K estimated from reported % removal at 5 ng/L spike
TFA;freundlich;predicted;215;0.343;1/n;;;(µg/g)(L/µg)^(1/n);µg/L;µg/g;215;0.343;;;"K:(µg/g)(L/µg)^(1/n); qmax:µg/g; KL:L/µg; Ce:µg/L";generic;distilled-water GAC;coal-based;none;distilled water (predicted);;;ng/L;false;none (theoretical single-solute);"Polanyi prediction; no NOM";Polanyi Potential Theory MCMC;Polanyi adsorption potential theory for estimating PFAS treatment with granular activated carbon;Burkhardt et al.;2023;10.1016/j.jwpe.2023.103691;https://pmc.ncbi.nlm.nih.gov/articles/PMC10208310/;"Predicted via Polanyi; values match amanzi/parametric/pfas.yml defaults"
PFBA;freundlich;predicted;255;0.494;1/n;;;(µg/g)(L/µg)^(1/n);µg/L;µg/g;255;0.494;;;"K:(µg/g)(L/µg)^(1/n); qmax:µg/g; KL:L/µg; Ce:µg/L";generic;distilled-water GAC;coal-based;none;distilled water (predicted);;;ng/L;false;none (theoretical single-solute);"Polanyi prediction; no NOM";Polanyi Potential Theory MCMC;Polanyi adsorption potential theory for estimating PFAS treatment with granular activated carbon;Burkhardt et al.;2023;10.1016/j.jwpe.2023.103691;https://pmc.ncbi.nlm.nih.gov/articles/PMC10208310/;"Predicted via Polanyi; values match amanzi/parametric/pfas.yml defaults"
PFPeA;freundlich;predicted;1160;0.425;1/n;;;(µg/g)(L/µg)^(1/n);µg/L;µg/g;1160;0.425;;;"K:(µg/g)(L/µg)^(1/n); qmax:µg/g; KL:L/µg; Ce:µg/L";generic;distilled-water GAC;coal-based;none;distilled water (predicted);;;ng/L;false;none (theoretical single-solute);"Polanyi prediction; no NOM";Polanyi Potential Theory MCMC;Polanyi adsorption potential theory for estimating PFAS treatment with granular activated carbon;Burkhardt et al.;2023;10.1016/j.jwpe.2023.103691;https://pmc.ncbi.nlm.nih.gov/articles/PMC10208310/;"Predicted via Polanyi; values match amanzi/parametric/pfas.yml defaults"
PFHxA;freundlich;predicted;4179;0.361;1/n;;;(µg/g)(L/µg)^(1/n);µg/L;µg/g;4179;0.361;;;"K:(µg/g)(L/µg)^(1/n); qmax:µg/g; KL:L/µg; Ce:µg/L";generic;distilled-water GAC;coal-based;none;distilled water (predicted);;;ng/L;false;none (theoretical single-solute);"Polanyi prediction; no NOM";Polanyi Potential Theory MCMC;Polanyi adsorption potential theory for estimating PFAS treatment with granular activated carbon;Burkhardt et al.;2023;10.1016/j.jwpe.2023.103691;https://pmc.ncbi.nlm.nih.gov/articles/PMC10208310/;"Predicted via Polanyi; values match amanzi/parametric/pfas.yml defaults"
PFHpA;freundlich;predicted;498;0.314;1/n;;;(µg/g)(L/µg)^(1/n);µg/L;µg/g;498;0.314;;;"K:(µg/g)(L/µg)^(1/n); qmax:µg/g; KL:L/µg; Ce:µg/L";generic;distilled-water GAC;coal-based;none;distilled water (predicted);;;ng/L;false;none (theoretical single-solute);"Polanyi prediction; no NOM";Polanyi Potential Theory MCMC;Polanyi adsorption potential theory for estimating PFAS treatment with granular activated carbon;Burkhardt et al.;2023;10.1016/j.jwpe.2023.103691;https://pmc.ncbi.nlm.nih.gov/articles/PMC10208310/;"Predicted via Polanyi; values match amanzi/parametric/pfas.yml defaults"
PFOA;freundlich;predicted;1718;0.281;1/n;;;(µg/g)(L/µg)^(1/n);µg/L;µg/g;1718;0.281;;;"K:(µg/g)(L/µg)^(1/n); qmax:µg/g; KL:L/µg; Ce:µg/L";generic;distilled-water GAC;coal-based;none;distilled water (predicted);;;ng/L;false;none (theoretical single-solute);"Polanyi prediction; no NOM";Polanyi Potential Theory MCMC;Polanyi adsorption potential theory for estimating PFAS treatment with granular activated carbon;Burkhardt et al.;2023;10.1016/j.jwpe.2023.103691;https://pmc.ncbi.nlm.nih.gov/articles/PMC10208310/;"Predicted via Polanyi; values match amanzi/parametric/pfas.yml defaults"
PFNA;freundlich;predicted;8500;0.26;1/n;;;(µg/g)(L/µg)^(1/n);µg/L;µg/g;8500;0.26;;;"K:(µg/g)(L/µg)^(1/n); qmax:µg/g; KL:L/µg; Ce:µg/L";generic;distilled-water GAC;coal-based;none;distilled water (predicted);;;ng/L;false;none (theoretical single-solute);"Polanyi prediction; no NOM";Polanyi Potential Theory MCMC;Polanyi adsorption potential theory for estimating PFAS treatment with granular activated carbon;Burkhardt et al.;2023;10.1016/j.jwpe.2023.103691;https://pmc.ncbi.nlm.nih.gov/articles/PMC10208310/;"Predicted via Polanyi; values match amanzi/parametric/pfas.yml defaults"
PFDA;freundlich;predicted;6371;0.242;1/n;;;(µg/g)(L/µg)^(1/n);µg/L;µg/g;6371;0.242;;;"K:(µg/g)(L/µg)^(1/n); qmax:µg/g; KL:L/µg; Ce:µg/L";generic;distilled-water GAC;coal-based;none;distilled water (predicted);;;ng/L;false;none (theoretical single-solute);"Polanyi prediction; no NOM";Polanyi Potential Theory MCMC;Polanyi adsorption potential theory for estimating PFAS treatment with granular activated carbon;Burkhardt et al.;2023;10.1016/j.jwpe.2023.103691;https://pmc.ncbi.nlm.nih.gov/articles/PMC10208310/;"Predicted via Polanyi; values match amanzi/parametric/pfas.yml defaults"
PFUnDA;freundlich;predicted;14603;0.223;1/n;;;(µg/g)(L/µg)^(1/n);µg/L;µg/g;14603;0.223;;;"K:(µg/g)(L/µg)^(1/n); qmax:µg/g; KL:L/µg; Ce:µg/L";generic;distilled-water GAC;coal-based;none;distilled water (predicted);;;ng/L;false;none (theoretical single-solute);"Polanyi prediction; no NOM";Polanyi Potential Theory MCMC;Polanyi adsorption potential theory for estimating PFAS treatment with granular activated carbon;Burkhardt et al.;2023;10.1016/j.jwpe.2023.103691;https://pmc.ncbi.nlm.nih.gov/articles/PMC10208310/;"Predicted via Polanyi; values match amanzi/parametric/pfas.yml defaults"
PFDoDA;freundlich;predicted;18106;0.2076;1/n;;;(µg/g)(L/µg)^(1/n);µg/L;µg/g;18106;0.2076;;;"K:(µg/g)(L/µg)^(1/n); qmax:µg/g; KL:L/µg; Ce:µg/L";generic;distilled-water GAC;coal-based;none;distilled water (predicted);;;ng/L;false;none (theoretical single-solute);"Polanyi prediction; no NOM";Polanyi Potential Theory MCMC;Polanyi adsorption potential theory for estimating PFAS treatment with granular activated carbon;Burkhardt et al.;2023;10.1016/j.jwpe.2023.103691;https://pmc.ncbi.nlm.nih.gov/articles/PMC10208310/;"Predicted via Polanyi; values match amanzi/parametric/pfas.yml defaults"
PFTrDA;freundlich;predicted;25862;0.1972;1/n;;;(µg/g)(L/µg)^(1/n);µg/L;µg/g;25862;0.1972;;;"K:(µg/g)(L/µg)^(1/n); qmax:µg/g; KL:L/µg; Ce:µg/L";generic;distilled-water GAC;coal-based;none;distilled water (predicted);;;ng/L;false;none (theoretical single-solute);"Polanyi prediction; no NOM";Polanyi Potential Theory MCMC;Polanyi adsorption potential theory for estimating PFAS treatment with granular activated carbon;Burkhardt et al.;2023;10.1016/j.jwpe.2023.103691;https://pmc.ncbi.nlm.nih.gov/articles/PMC10208310/;"Predicted via Polanyi; values match amanzi/parametric/pfas.yml defaults"
PFTeDA;freundlich;predicted;30582;0.186;1/n;;;(µg/g)(L/µg)^(1/n);µg/L;µg/g;30582;0.186;;;"K:(µg/g)(L/µg)^(1/n); qmax:µg/g; KL:L/µg; Ce:µg/L";generic;distilled-water GAC;coal-based;none;distilled water (predicted);;;ng/L;false;none (theoretical single-solute);"Polanyi prediction; no NOM";Polanyi Potential Theory MCMC;Polanyi adsorption potential theory for estimating PFAS treatment with granular activated carbon;Burkhardt et al.;2023;10.1016/j.jwpe.2023.103691;https://pmc.ncbi.nlm.nih.gov/articles/PMC10208310/;"Predicted via Polanyi; values match amanzi/parametric/pfas.yml defaults"
PFBS;freundlich;predicted;457;0.411;1/n;;;(µg/g)(L/µg)^(1/n);µg/L;µg/g;457;0.411;;;"K:(µg/g)(L/µg)^(1/n); qmax:µg/g; KL:L/µg; Ce:µg/L";generic;distilled-water GAC;coal-based;none;distilled water (predicted);;;ng/L;false;none (theoretical single-solute);"Polanyi prediction; no NOM";Polanyi Potential Theory MCMC;Polanyi adsorption potential theory for estimating PFAS treatment with granular activated carbon;Burkhardt et al.;2023;10.1016/j.jwpe.2023.103691;https://pmc.ncbi.nlm.nih.gov/articles/PMC10208310/;"Predicted via Polanyi; values match amanzi/parametric/pfas.yml defaults"
PFPeS;freundlich;predicted;1521;0.352;1/n;;;(µg/g)(L/µg)^(1/n);µg/L;µg/g;1521;0.352;;;"K:(µg/g)(L/µg)^(1/n); qmax:µg/g; KL:L/µg; Ce:µg/L";generic;distilled-water GAC;coal-based;none;distilled water (predicted);;;ng/L;false;none (theoretical single-solute);"Polanyi prediction; no NOM";Polanyi Potential Theory MCMC;Polanyi adsorption potential theory for estimating PFAS treatment with granular activated carbon;Burkhardt et al.;2023;10.1016/j.jwpe.2023.103691;https://pmc.ncbi.nlm.nih.gov/articles/PMC10208310/;"Predicted via Polanyi; values match amanzi/parametric/pfas.yml defaults"
PFHxS;freundlich;predicted;3840;0.313;1/n;;;(µg/g)(L/µg)^(1/n);µg/L;µg/g;3840;0.313;;;"K:(µg/g)(L/µg)^(1/n); qmax:µg/g; KL:L/µg; Ce:µg/L";generic;distilled-water GAC;coal-based;none;distilled water (predicted);;;ng/L;false;none (theoretical single-solute);"Polanyi prediction; no NOM";Polanyi Potential Theory MCMC;Polanyi adsorption potential theory for estimating PFAS treatment with granular activated carbon;Burkhardt et al.;2023;10.1016/j.jwpe.2023.103691;https://pmc.ncbi.nlm.nih.gov/articles/PMC10208310/;"Predicted via Polanyi; values match amanzi/parametric/pfas.yml defaults"
PFHpS;freundlich;predicted;4589;0.286;1/n;;;(µg/g)(L/µg)^(1/n);µg/L;µg/g;4589;0.286;;;"K:(µg/g)(L/µg)^(1/n); qmax:µg/g; KL:L/µg; Ce:µg/L";generic;distilled-water GAC;coal-based;none;distilled water (predicted);;;ng/L;false;none (theoretical single-solute);"Polanyi prediction; no NOM";Polanyi Potential Theory MCMC;Polanyi adsorption potential theory for estimating PFAS treatment with granular activated carbon;Burkhardt et al.;2023;10.1016/j.jwpe.2023.103691;https://pmc.ncbi.nlm.nih.gov/articles/PMC10208310/;"Predicted via Polanyi; values match amanzi/parametric/pfas.yml defaults"
PFOS;freundlich;predicted;7222;0.253;1/n;;;(µg/g)(L/µg)^(1/n);µg/L;µg/g;7222;0.253;;;"K:(µg/g)(L/µg)^(1/n); qmax:µg/g; KL:L/µg; Ce:µg/L";generic;distilled-water GAC;coal-based;none;distilled water (predicted);;;ng/L;false;none (theoretical single-solute);"Polanyi prediction; no NOM";Polanyi Potential Theory MCMC;Polanyi adsorption potential theory for estimating PFAS treatment with granular activated carbon;Burkhardt et al.;2023;10.1016/j.jwpe.2023.103691;https://pmc.ncbi.nlm.nih.gov/articles/PMC10208310/;"Predicted via Polanyi; values match amanzi/parametric/pfas.yml defaults"
PFDS;freundlich;predicted;0.1;1;1/n;;;(µg/g)(L/µg)^(1/n);µg/L;µg/g;0.1;1;;;"K:(µg/g)(L/µg)^(1/n); qmax:µg/g; KL:L/µg; Ce:µg/L";generic;distilled-water GAC;coal-based;none;distilled water (predicted);;;ng/L;false;none (theoretical single-solute);"Polanyi prediction; no NOM";Polanyi Potential Theory MCMC;Polanyi adsorption potential theory for estimating PFAS treatment with granular activated carbon;Burkhardt et al.;2023;10.1016/j.jwpe.2023.103691;https://pmc.ncbi.nlm.nih.gov/articles/PMC10208310/;"Predicted via Polanyi; values match amanzi/parametric/pfas.yml defaults"
PFOSA;freundlich;predicted;8500;0.28;1/n;;;(µg/g)(L/µg)^(1/n);µg/L;µg/g;8500;0.28;;;"K:(µg/g)(L/µg)^(1/n); qmax:µg/g; KL:L/µg; Ce:µg/L";generic;distilled-water GAC;coal-based;none;distilled water (predicted);;;ng/L;false;none (theoretical single-solute);"Polanyi prediction; no NOM";Polanyi Potential Theory MCMC;Polanyi adsorption potential theory for estimating PFAS treatment with granular activated carbon;Burkhardt et al.;2023;10.1016/j.jwpe.2023.103691;https://pmc.ncbi.nlm.nih.gov/articles/PMC10208310/;"Predicted via Polanyi; values match amanzi/parametric/pfas.yml defaults"
N-MeFOSAA;freundlich;predicted;6200;0.29;1/n;;;(µg/g)(L/µg)^(1/n);µg/L;µg/g;6200;0.29;;;"K:(µg/g)(L/µg)^(1/n); qmax:µg/g; KL:L/µg; Ce:µg/L";generic;distilled-water GAC;coal-based;none;distilled water (predicted);;;ng/L;false;none (theoretical single-solute);"Polanyi prediction; no NOM";Polanyi Potential Theory MCMC;Polanyi adsorption potential theory for estimating PFAS treatment with granular activated carbon;Burkhardt et al.;2023;10.1016/j.jwpe.2023.103691;https://pmc.ncbi.nlm.nih.gov/articles/PMC10208310/;"Predicted via Polanyi; values match amanzi/parametric/pfas.yml defaults"
N-EtFOSAA;freundlich;predicted;7100;0.27;1/n;;;(µg/g)(L/µg)^(1/n);µg/L;µg/g;7100;0.27;;;"K:(µg/g)(L/µg)^(1/n); qmax:µg/g; KL:L/µg; Ce:µg/L";generic;distilled-water GAC;coal-based;none;distilled water (predicted);;;ng/L;false;none (theoretical single-solute);"Polanyi prediction; no NOM";Polanyi Potential Theory MCMC;Polanyi adsorption potential theory for estimating PFAS treatment with granular activated carbon;Burkhardt et al.;2023;10.1016/j.jwpe.2023.103691;https://pmc.ncbi.nlm.nih.gov/articles/PMC10208310/;"Predicted via Polanyi; values match amanzi/parametric/pfas.yml defaults"
